# Particulate goldens (PS7, points-stream.md §5). Regenerate:
#   cargo test -p lumit-render --lib regenerate_particulate_goldens -- --ignored
# The stream is the CPU reference; the card's read-back and the
# three pictures are held to it within 10^-5 of range.
ids 26
0
5
6
7
8
9
10
11
12
13
14
15
16
17
18
19
20
21
22
23
24
25
26
27
28
29
stream 26 10
2.438776779e1
1.404478073e1
5.480289459e-3
2.859328270e0
7.644876957e0
-3.098201752e-1
9.791666865e-1
9.882064462e-1
4.381486893e0
1.792239904e0
1.740428734e1
1.511087036e1
-1.724035025e0
-1.707676411e0
1.287809467e1
1.390296936e0
8.125000000e-1
1.045155525e0
3.977976322e0
-2.492549419e-1
1.099560928e1
1.384375286e1
-2.829078674e0
-1.602294922e0
6.592361450e0
7.897968292e-1
7.708333135e-1
9.619719982e-1
1.850261807e0
2.049304247e0
1.420153809e1
1.018374062e1
7.486853600e-1
-6.154166222e0
7.469618797e0
-4.264869690e-1
7.291666865e-1
7.622876167e-1
2.763560534e0
1.451112509e0
2.001947212e1
1.349650192e1
-3.529870510e-1
1.664387941e0
5.734907150e0
-1.250873566e0
6.979166865e-1
7.493672371e-1
2.892425060e0
1.550541043e0
1.134996796e1
1.587760830e1
1.339581013e0
-3.209223747e0
6.634511948e0
-1.693244934e0
6.770833135e-1
8.094188571e-1
1.910129666e0
1.966078043e0
2.597074890e1
1.073047829e1
-5.562047958e-1
5.786076069e0
8.821258545e-1
-5.209693909e-1
6.458333135e-1
9.839147925e-1
2.313186169e0
-3.979495764e-1
2.639124489e1
1.247642803e1
2.602584362e0
1.170512772e1
4.355199814e0
2.929687500e-2
6.041666865e-1
8.869658709e-1
3.065628767e0
-4.967212677e-3
1.545576286e1
5.790446281e0
-1.661882401e-1
9.677283287e0
1.887978554e0
6.450634003e-1
5.625000000e-1
1.092790484e0
1.998305202e0
3.097008228e0
1.382665348e1
1.289298248e1
-1.485025167e0
-7.376632690e-1
-4.746063232e0
6.399021149e-1
5.312500000e-1
7.359036207e-1
2.622891665e0
1.583012342e0
1.353935623e1
8.743497849e0
2.223481178e0
-9.542487144e0
4.238460064e0
-4.807548523e-1
5.104166865e-1
8.515159488e-1
2.618487120e0
-1.494904160e-1
1.624102783e1
1.654293823e1
-2.067955494e0
6.448287964e0
8.515930176e-2
-6.726322174e-1
4.791666567e-1
1.165683031e0
1.366833448e0
-9.771357775e-1
1.697908974e1
1.307355881e1
2.258092403e0
-3.046565056e0
-2.836110115e0
-7.000350952e-2
4.375000000e-1
7.823762894e-1
1.692689896e0
1.599971652e-1
2.917963219e1
1.766802216e1
1.941025257e0
1.506595612e1
3.272336721e0
3.707084656e-1
3.958333433e-1
8.523980379e-1
1.325505614e0
2.833932877e0
1.236567783e1
8.059358597e0
6.326961517e-1
-1.021513557e1
3.025561810e0
6.034126282e-1
3.645833433e-1
1.036554813e0
1.607791185e0
5.253919363e-1
1.941568756e1
6.550972939e0
-2.212441444e0
1.039778519e1
-5.218883038e0
1.356239319e0
3.437500000e-1
1.007267952e0
8.465927243e-1
-5.744422078e-1
1.533003426e1
1.158889771e1
-1.599691153e0
7.834792614e0
1.856355667e-1
7.952041626e-1
3.125000000e-1
6.829941273e-1
1.534780741e0
1.381716967e0
1.385439110e1
1.053479958e1
-8.780450821e-1
-6.736870766e0
1.954195499e0
7.422523499e-1
2.708333433e-1
1.130622268e0
1.207725644e0
1.377190709e0
1.774085999e1
7.250347137e0
-2.229505539e0
-1.264806747e0
-6.003856659e0
6.206760406e-1
2.291666716e-1
7.496702075e-1
7.078579068e-1
2.116341352e0
1.840168953e1
1.630041504e1
1.730118275e0
1.124195290e1
2.576310396e0
-3.434371948e-2
1.979166716e-1
7.675953507e-1
1.293927073e0
2.185196400e0
2.082684326e1
1.436762619e1
8.511686325e-2
3.394482851e0
-9.167380333e0
-1.896972656e-1
1.770833284e-1
1.190445185e0
6.175478697e-1
3.538464904e-1
1.355643272e1
3.709044933e0
-2.661153793e0
1.051672745e1
-1.513958216e0
4.372158051e-1
1.458333284e-1
8.816125393e-1
4.006841481e-1
-1.374344587e0
1.418686104e1
1.552223110e1
2.117710590e0
-1.028149986e1
-6.739326954e0
-3.088989258e-1
1.041666642e-1
1.009216070e0
3.423760533e-1
1.288470268e0
1.923357391e1
1.281261826e1
-1.005475760e0
-1.226796913e1
-5.730067253e0
6.404113770e-2
6.250000000e-2
9.383826852e-1
1.926476210e-1
-5.038512945e-1
1.443285275e1
9.475339890e0
-1.483254194e0
7.863004208e0
-1.043181515e1
3.114509583e-2
3.125000000e-2
8.868569136e-1
1.080349535e-1
-2.359317094e-1
1.268854523e1
1.294610691e1
1.655203342e0
-1.664254761e1
-2.704998016e0
-1.833343506e-2
1.041666698e-2
8.007419109e-1
7.195813209e-2
4.231909513e-1
frame disc 32 24
0.000000000e0
0.000000000e0
0.000000000e0
0.000000000e0
0.000000000e0
0.000000000e0
0.000000000e0
0.000000000e0
0.000000000e0
0.000000000e0
0.000000000e0
0.000000000e0
0.000000000e0
0.000000000e0
0.000000000e0
0.000000000e0
0.000000000e0
0.000000000e0
0.000000000e0
0.000000000e0
0.000000000e0
0.000000000e0
0.000000000e0
0.000000000e0
0.000000000e0
0.000000000e0
0.000000000e0
0.000000000e0
0.000000000e0
0.000000000e0
0.000000000e0
0.000000000e0
0.000000000e0
0.000000000e0
0.000000000e0
0.000000000e0
0.000000000e0
0.000000000e0
0.000000000e0
0.000000000e0
0.000000000e0
0.000000000e0
0.000000000e0
0.000000000e0
0.000000000e0
0.000000000e0
0.000000000e0
0.000000000e0
0.000000000e0
0.000000000e0
0.000000000e0
0.000000000e0
0.000000000e0
0.000000000e0
0.000000000e0
0.000000000e0
0.000000000e0
0.000000000e0
0.000000000e0
0.000000000e0
0.000000000e0
0.000000000e0
0.000000000e0
0.000000000e0
0.000000000e0
0.000000000e0
0.000000000e0
0.000000000e0
0.000000000e0
0.000000000e0
0.000000000e0
0.000000000e0
0.000000000e0
0.000000000e0
0.000000000e0
0.000000000e0
0.000000000e0
0.000000000e0
0.000000000e0
0.000000000e0
0.000000000e0
0.000000000e0
0.000000000e0
0.000000000e0
0.000000000e0
0.000000000e0
0.000000000e0
0.000000000e0
0.000000000e0
0.000000000e0
0.000000000e0
0.000000000e0
0.000000000e0
0.000000000e0
0.000000000e0
0.000000000e0
0.000000000e0
0.000000000e0
0.000000000e0
0.000000000e0
0.000000000e0
0.000000000e0
0.000000000e0
0.000000000e0
0.000000000e0
0.000000000e0
0.000000000e0
0.000000000e0
0.000000000e0
0.000000000e0
0.000000000e0
0.000000000e0
0.000000000e0
0.000000000e0
0.000000000e0
0.000000000e0
0.000000000e0
0.000000000e0
0.000000000e0
0.000000000e0
0.000000000e0
0.000000000e0
0.000000000e0
0.000000000e0
0.000000000e0
0.000000000e0
0.000000000e0
0.000000000e0
0.000000000e0
0.000000000e0
0.000000000e0
0.000000000e0
0.000000000e0
0.000000000e0
0.000000000e0
0.000000000e0
0.000000000e0
0.000000000e0
0.000000000e0
0.000000000e0
0.000000000e0
0.000000000e0
0.000000000e0
0.000000000e0
0.000000000e0
0.000000000e0
0.000000000e0
0.000000000e0
0.000000000e0
0.000000000e0
0.000000000e0
0.000000000e0
0.000000000e0
0.000000000e0
0.000000000e0
0.000000000e0
0.000000000e0
0.000000000e0
0.000000000e0
0.000000000e0
0.000000000e0
0.000000000e0
0.000000000e0
0.000000000e0
0.000000000e0
0.000000000e0
0.000000000e0
0.000000000e0
0.000000000e0
0.000000000e0
0.000000000e0
0.000000000e0
0.000000000e0
0.000000000e0
0.000000000e0
0.000000000e0
0.000000000e0
0.000000000e0
0.000000000e0
0.000000000e0
0.000000000e0
0.000000000e0
0.000000000e0
0.000000000e0
0.000000000e0
0.000000000e0
0.000000000e0
0.000000000e0
0.000000000e0
0.000000000e0
0.000000000e0
0.000000000e0
0.000000000e0
0.000000000e0
0.000000000e0
0.000000000e0
0.000000000e0
0.000000000e0
0.000000000e0
0.000000000e0
0.000000000e0
0.000000000e0
0.000000000e0
0.000000000e0
0.000000000e0
0.000000000e0
0.000000000e0
0.000000000e0
0.000000000e0
0.000000000e0
0.000000000e0
0.000000000e0
0.000000000e0
0.000000000e0
0.000000000e0
0.000000000e0
0.000000000e0
0.000000000e0
0.000000000e0
0.000000000e0
0.000000000e0
0.000000000e0
0.000000000e0
0.000000000e0
0.000000000e0
0.000000000e0
0.000000000e0
0.000000000e0
0.000000000e0
0.000000000e0
0.000000000e0
0.000000000e0
0.000000000e0
0.000000000e0
0.000000000e0
0.000000000e0
0.000000000e0
0.000000000e0
0.000000000e0
0.000000000e0
0.000000000e0
0.000000000e0
0.000000000e0
0.000000000e0
0.000000000e0
0.000000000e0
0.000000000e0
0.000000000e0
0.000000000e0
0.000000000e0
0.000000000e0
0.000000000e0
0.000000000e0
0.000000000e0
0.000000000e0
0.000000000e0
0.000000000e0
0.000000000e0
0.000000000e0
0.000000000e0
0.000000000e0
0.000000000e0
0.000000000e0
0.000000000e0
0.000000000e0
0.000000000e0
0.000000000e0
0.000000000e0
0.000000000e0
0.000000000e0
0.000000000e0
0.000000000e0
0.000000000e0
0.000000000e0
0.000000000e0
0.000000000e0
0.000000000e0
0.000000000e0
0.000000000e0
0.000000000e0
0.000000000e0
0.000000000e0
0.000000000e0
0.000000000e0
0.000000000e0
0.000000000e0
0.000000000e0
0.000000000e0
0.000000000e0
0.000000000e0
0.000000000e0
0.000000000e0
0.000000000e0
0.000000000e0
0.000000000e0
0.000000000e0
0.000000000e0
0.000000000e0
0.000000000e0
0.000000000e0
0.000000000e0
0.000000000e0
0.000000000e0
0.000000000e0
0.000000000e0
0.000000000e0
0.000000000e0
0.000000000e0
0.000000000e0
0.000000000e0
0.000000000e0
0.000000000e0
0.000000000e0
0.000000000e0
0.000000000e0
0.000000000e0
0.000000000e0
0.000000000e0
0.000000000e0
0.000000000e0
0.000000000e0
0.000000000e0
0.000000000e0
0.000000000e0
0.000000000e0
0.000000000e0
0.000000000e0
0.000000000e0
0.000000000e0
0.000000000e0
0.000000000e0
0.000000000e0
0.000000000e0
0.000000000e0
0.000000000e0
0.000000000e0
0.000000000e0
0.000000000e0
0.000000000e0
0.000000000e0
0.000000000e0
0.000000000e0
0.000000000e0
0.000000000e0
0.000000000e0
0.000000000e0
0.000000000e0
0.000000000e0
0.000000000e0
0.000000000e0
0.000000000e0
0.000000000e0
0.000000000e0
0.000000000e0
0.000000000e0
0.000000000e0
0.000000000e0
0.000000000e0
0.000000000e0
0.000000000e0
0.000000000e0
0.000000000e0
0.000000000e0
0.000000000e0
0.000000000e0
0.000000000e0
0.000000000e0
0.000000000e0
0.000000000e0
0.000000000e0
0.000000000e0
0.000000000e0
0.000000000e0
0.000000000e0
0.000000000e0
0.000000000e0
0.000000000e0
0.000000000e0
0.000000000e0
0.000000000e0
0.000000000e0
0.000000000e0
0.000000000e0
0.000000000e0
0.000000000e0
0.000000000e0
0.000000000e0
0.000000000e0
0.000000000e0
0.000000000e0
0.000000000e0
0.000000000e0
0.000000000e0
0.000000000e0
0.000000000e0
0.000000000e0
0.000000000e0
0.000000000e0
0.000000000e0
0.000000000e0
0.000000000e0
0.000000000e0
0.000000000e0
0.000000000e0
0.000000000e0
0.000000000e0
0.000000000e0
0.000000000e0
0.000000000e0
0.000000000e0
0.000000000e0
0.000000000e0
0.000000000e0
0.000000000e0
0.000000000e0
0.000000000e0
0.000000000e0
0.000000000e0
0.000000000e0
0.000000000e0
0.000000000e0
0.000000000e0
0.000000000e0
0.000000000e0
0.000000000e0
0.000000000e0
0.000000000e0
0.000000000e0
0.000000000e0
0.000000000e0
0.000000000e0
0.000000000e0
0.000000000e0
0.000000000e0
0.000000000e0
0.000000000e0
0.000000000e0
0.000000000e0
0.000000000e0
0.000000000e0
0.000000000e0
0.000000000e0
0.000000000e0
0.000000000e0
0.000000000e0
0.000000000e0
0.000000000e0
0.000000000e0
0.000000000e0
0.000000000e0
0.000000000e0
0.000000000e0
0.000000000e0
0.000000000e0
0.000000000e0
0.000000000e0
0.000000000e0
0.000000000e0
0.000000000e0
0.000000000e0
0.000000000e0
0.000000000e0
0.000000000e0
0.000000000e0
0.000000000e0
0.000000000e0
0.000000000e0
0.000000000e0
0.000000000e0
0.000000000e0
0.000000000e0
0.000000000e0
0.000000000e0
0.000000000e0
0.000000000e0
0.000000000e0
0.000000000e0
0.000000000e0
0.000000000e0
0.000000000e0
0.000000000e0
0.000000000e0
0.000000000e0
0.000000000e0
0.000000000e0
0.000000000e0
0.000000000e0
0.000000000e0
0.000000000e0
0.000000000e0
0.000000000e0
0.000000000e0
0.000000000e0
0.000000000e0
0.000000000e0
0.000000000e0
0.000000000e0
0.000000000e0
0.000000000e0
0.000000000e0
0.000000000e0
0.000000000e0
0.000000000e0
0.000000000e0
0.000000000e0
0.000000000e0
0.000000000e0
0.000000000e0
0.000000000e0
0.000000000e0
0.000000000e0
0.000000000e0
0.000000000e0
0.000000000e0
0.000000000e0
0.000000000e0
0.000000000e0
0.000000000e0
0.000000000e0
0.000000000e0
0.000000000e0
0.000000000e0
0.000000000e0
0.000000000e0
0.000000000e0
0.000000000e0
0.000000000e0
0.000000000e0
0.000000000e0
0.000000000e0
0.000000000e0
0.000000000e0
0.000000000e0
0.000000000e0
0.000000000e0
0.000000000e0
0.000000000e0
0.000000000e0
0.000000000e0
0.000000000e0
0.000000000e0
0.000000000e0
0.000000000e0
0.000000000e0
0.000000000e0
0.000000000e0
0.000000000e0
0.000000000e0
0.000000000e0
0.000000000e0
0.000000000e0
0.000000000e0
0.000000000e0
0.000000000e0
0.000000000e0
0.000000000e0
0.000000000e0
0.000000000e0
0.000000000e0
0.000000000e0
0.000000000e0
0.000000000e0
0.000000000e0
0.000000000e0
0.000000000e0
0.000000000e0
0.000000000e0
0.000000000e0
0.000000000e0
0.000000000e0
0.000000000e0
0.000000000e0
0.000000000e0
0.000000000e0
0.000000000e0
0.000000000e0
0.000000000e0
0.000000000e0
0.000000000e0
0.000000000e0
0.000000000e0
0.000000000e0
0.000000000e0
0.000000000e0
0.000000000e0
0.000000000e0
0.000000000e0
0.000000000e0
0.000000000e0
0.000000000e0
0.000000000e0
0.000000000e0
0.000000000e0
0.000000000e0
0.000000000e0
0.000000000e0
0.000000000e0
0.000000000e0
0.000000000e0
0.000000000e0
0.000000000e0
0.000000000e0
0.000000000e0
0.000000000e0
0.000000000e0
0.000000000e0
0.000000000e0
0.000000000e0
0.000000000e0
0.000000000e0
0.000000000e0
0.000000000e0
0.000000000e0
0.000000000e0
0.000000000e0
0.000000000e0
0.000000000e0
0.000000000e0
0.000000000e0
0.000000000e0
0.000000000e0
0.000000000e0
0.000000000e0
0.000000000e0
0.000000000e0
0.000000000e0
0.000000000e0
0.000000000e0
0.000000000e0
0.000000000e0
0.000000000e0
0.000000000e0
0.000000000e0
0.000000000e0
0.000000000e0
0.000000000e0
0.000000000e0
0.000000000e0
0.000000000e0
0.000000000e0
0.000000000e0
0.000000000e0
0.000000000e0
0.000000000e0
0.000000000e0
0.000000000e0
0.000000000e0
0.000000000e0
0.000000000e0
0.000000000e0
0.000000000e0
0.000000000e0
0.000000000e0
0.000000000e0
0.000000000e0
0.000000000e0
0.000000000e0
0.000000000e0
0.000000000e0
0.000000000e0
0.000000000e0
0.000000000e0
0.000000000e0
0.000000000e0
0.000000000e0
0.000000000e0
0.000000000e0
0.000000000e0
0.000000000e0
0.000000000e0
0.000000000e0
0.000000000e0
0.000000000e0
0.000000000e0
0.000000000e0
0.000000000e0
0.000000000e0
0.000000000e0
0.000000000e0
0.000000000e0
0.000000000e0
0.000000000e0
0.000000000e0
0.000000000e0
0.000000000e0
0.000000000e0
0.000000000e0
0.000000000e0
0.000000000e0
0.000000000e0
0.000000000e0
0.000000000e0
0.000000000e0
0.000000000e0
0.000000000e0
0.000000000e0
1.076623739e-4
9.915777628e-5
1.317274873e-4
1.994915365e-4
2.777954340e-1
2.558514774e-1
3.398893476e-1
5.147373080e-1
0.000000000e0
0.000000000e0
0.000000000e0
0.000000000e0
0.000000000e0
0.000000000e0
0.000000000e0
0.000000000e0
0.000000000e0
0.000000000e0
0.000000000e0
0.000000000e0
0.000000000e0
0.000000000e0
0.000000000e0
0.000000000e0
0.000000000e0
0.000000000e0
0.000000000e0
0.000000000e0
0.000000000e0
0.000000000e0
0.000000000e0
0.000000000e0
0.000000000e0
0.000000000e0
0.000000000e0
0.000000000e0
0.000000000e0
0.000000000e0
0.000000000e0
0.000000000e0
0.000000000e0
0.000000000e0
0.000000000e0
0.000000000e0
0.000000000e0
0.000000000e0
0.000000000e0
0.000000000e0
0.000000000e0
0.000000000e0
0.000000000e0
0.000000000e0
0.000000000e0
0.000000000e0
0.000000000e0
0.000000000e0
0.000000000e0
0.000000000e0
0.000000000e0
0.000000000e0
0.000000000e0
0.000000000e0
0.000000000e0
0.000000000e0
0.000000000e0
0.000000000e0
0.000000000e0
0.000000000e0
0.000000000e0
0.000000000e0
0.000000000e0
0.000000000e0
0.000000000e0
0.000000000e0
0.000000000e0
0.000000000e0
0.000000000e0
0.000000000e0
0.000000000e0
0.000000000e0
0.000000000e0
0.000000000e0
0.000000000e0
0.000000000e0
0.000000000e0
0.000000000e0
0.000000000e0
0.000000000e0
0.000000000e0
0.000000000e0
0.000000000e0
0.000000000e0
0.000000000e0
0.000000000e0
0.000000000e0
0.000000000e0
0.000000000e0
0.000000000e0
0.000000000e0
0.000000000e0
0.000000000e0
0.000000000e0
0.000000000e0
0.000000000e0
0.000000000e0
0.000000000e0
0.000000000e0
0.000000000e0
0.000000000e0
0.000000000e0
0.000000000e0
0.000000000e0
0.000000000e0
0.000000000e0
0.000000000e0
0.000000000e0
0.000000000e0
0.000000000e0
0.000000000e0
0.000000000e0
0.000000000e0
0.000000000e0
0.000000000e0
0.000000000e0
0.000000000e0
0.000000000e0
0.000000000e0
0.000000000e0
0.000000000e0
0.000000000e0
0.000000000e0
0.000000000e0
1.335574090e-1
1.230072752e-1
1.634106785e-1
2.474733889e-1
0.000000000e0
0.000000000e0
0.000000000e0
0.000000000e0
0.000000000e0
0.000000000e0
0.000000000e0
0.000000000e0
0.000000000e0
0.000000000e0
0.000000000e0
0.000000000e0
1.465488225e-1
1.178723872e-1
1.194557175e-1
2.216704339e-1
0.000000000e0
0.000000000e0
0.000000000e0
0.000000000e0
0.000000000e0
0.000000000e0
0.000000000e0
0.000000000e0
0.000000000e0
0.000000000e0
0.000000000e0
0.000000000e0
0.000000000e0
0.000000000e0
0.000000000e0
0.000000000e0
0.000000000e0
0.000000000e0
0.000000000e0
0.000000000e0
0.000000000e0
0.000000000e0
0.000000000e0
0.000000000e0
0.000000000e0
0.000000000e0
0.000000000e0
0.000000000e0
0.000000000e0
0.000000000e0
0.000000000e0
0.000000000e0
0.000000000e0
0.000000000e0
0.000000000e0
0.000000000e0
0.000000000e0
0.000000000e0
0.000000000e0
0.000000000e0
0.000000000e0
0.000000000e0
0.000000000e0
0.000000000e0
0.000000000e0
0.000000000e0
0.000000000e0
0.000000000e0
0.000000000e0
0.000000000e0
0.000000000e0
0.000000000e0
0.000000000e0
0.000000000e0
0.000000000e0
0.000000000e0
0.000000000e0
0.000000000e0
0.000000000e0
0.000000000e0
0.000000000e0
0.000000000e0
0.000000000e0
0.000000000e0
0.000000000e0
0.000000000e0
0.000000000e0
0.000000000e0
0.000000000e0
0.000000000e0
0.000000000e0
0.000000000e0
0.000000000e0
0.000000000e0
0.000000000e0
0.000000000e0
0.000000000e0
0.000000000e0
0.000000000e0
0.000000000e0
0.000000000e0
0.000000000e0
0.000000000e0
0.000000000e0
0.000000000e0
0.000000000e0
0.000000000e0
0.000000000e0
0.000000000e0
0.000000000e0
0.000000000e0
0.000000000e0
0.000000000e0
0.000000000e0
0.000000000e0
0.000000000e0
1.051519066e-1
8.518647403e-2
8.784883469e-2
1.608339548e-1
2.387277782e-2
2.385839634e-2
3.575883061e-2
4.969300702e-2
0.000000000e0
0.000000000e0
0.000000000e0
0.000000000e0
0.000000000e0
0.000000000e0
0.000000000e0
0.000000000e0
0.000000000e0
0.000000000e0
0.000000000e0
0.000000000e0
2.947781235e-3
2.315463498e-3
2.208559774e-3
4.296950530e-3
0.000000000e0
0.000000000e0
0.000000000e0
0.000000000e0
0.000000000e0
0.000000000e0
0.000000000e0
0.000000000e0
0.000000000e0
0.000000000e0
0.000000000e0
0.000000000e0
0.000000000e0
0.000000000e0
0.000000000e0
0.000000000e0
0.000000000e0
0.000000000e0
0.000000000e0
0.000000000e0
0.000000000e0
0.000000000e0
0.000000000e0
0.000000000e0
0.000000000e0
0.000000000e0
0.000000000e0
0.000000000e0
0.000000000e0
0.000000000e0
0.000000000e0
0.000000000e0
0.000000000e0
0.000000000e0
0.000000000e0
0.000000000e0
0.000000000e0
0.000000000e0
0.000000000e0
0.000000000e0
0.000000000e0
0.000000000e0
0.000000000e0
0.000000000e0
0.000000000e0
0.000000000e0
0.000000000e0
0.000000000e0
0.000000000e0
0.000000000e0
0.000000000e0
0.000000000e0
0.000000000e0
0.000000000e0
0.000000000e0
0.000000000e0
0.000000000e0
0.000000000e0
0.000000000e0
0.000000000e0
0.000000000e0
0.000000000e0
0.000000000e0
0.000000000e0
0.000000000e0
0.000000000e0
0.000000000e0
0.000000000e0
0.000000000e0
0.000000000e0
0.000000000e0
0.000000000e0
0.000000000e0
0.000000000e0
0.000000000e0
0.000000000e0
0.000000000e0
0.000000000e0
0.000000000e0
0.000000000e0
0.000000000e0
0.000000000e0
0.000000000e0
0.000000000e0
0.000000000e0
0.000000000e0
0.000000000e0
0.000000000e0
0.000000000e0
0.000000000e0
0.000000000e0
0.000000000e0
0.000000000e0
0.000000000e0
0.000000000e0
0.000000000e0
0.000000000e0
0.000000000e0
0.000000000e0
0.000000000e0
0.000000000e0
0.000000000e0
0.000000000e0
0.000000000e0
2.250798643e-1
1.950664818e-1
2.325729728e-1
3.813773394e-1
2.879650295e-1
2.877915502e-1
4.313403666e-1
5.994211435e-1
1.166528985e-1
1.165826246e-1
1.747333854e-1
2.428218871e-1
0.000000000e0
0.000000000e0
0.000000000e0
0.000000000e0
0.000000000e0
0.000000000e0
0.000000000e0
0.000000000e0
0.000000000e0
0.000000000e0
0.000000000e0
0.000000000e0
0.000000000e0
0.000000000e0
0.000000000e0
0.000000000e0
0.000000000e0
0.000000000e0
0.000000000e0
0.000000000e0
0.000000000e0
0.000000000e0
0.000000000e0
0.000000000e0
0.000000000e0
0.000000000e0
0.000000000e0
0.000000000e0
0.000000000e0
0.000000000e0
0.000000000e0
0.000000000e0
0.000000000e0
0.000000000e0
0.000000000e0
0.000000000e0
0.000000000e0
0.000000000e0
0.000000000e0
0.000000000e0
0.000000000e0
0.000000000e0
0.000000000e0
0.000000000e0
0.000000000e0
0.000000000e0
0.000000000e0
0.000000000e0
0.000000000e0
0.000000000e0
0.000000000e0
0.000000000e0
0.000000000e0
0.000000000e0
0.000000000e0
0.000000000e0
0.000000000e0
0.000000000e0
0.000000000e0
0.000000000e0
0.000000000e0
0.000000000e0
0.000000000e0
0.000000000e0
0.000000000e0
0.000000000e0
0.000000000e0
0.000000000e0
0.000000000e0
0.000000000e0
0.000000000e0
0.000000000e0
0.000000000e0
0.000000000e0
0.000000000e0
0.000000000e0
0.000000000e0
0.000000000e0
0.000000000e0
0.000000000e0
0.000000000e0
0.000000000e0
0.000000000e0
0.000000000e0
0.000000000e0
0.000000000e0
0.000000000e0
0.000000000e0
0.000000000e0
0.000000000e0
0.000000000e0
0.000000000e0
0.000000000e0
0.000000000e0
0.000000000e0
0.000000000e0
0.000000000e0
0.000000000e0
0.000000000e0
0.000000000e0
0.000000000e0
0.000000000e0
0.000000000e0
0.000000000e0
0.000000000e0
0.000000000e0
0.000000000e0
0.000000000e0
0.000000000e0
0.000000000e0
0.000000000e0
0.000000000e0
0.000000000e0
0.000000000e0
0.000000000e0
0.000000000e0
8.697238751e-3
8.691999130e-3
1.302751992e-2
1.810396463e-2
2.641509771e-1
3.119240105e-1
5.634320378e-1
6.896525025e-1
1.895580143e-1
3.116725385e-1
7.117379308e-1
7.510799170e-1
0.000000000e0
0.000000000e0
0.000000000e0
0.000000000e0
0.000000000e0
0.000000000e0
0.000000000e0
0.000000000e0
0.000000000e0
0.000000000e0
0.000000000e0
0.000000000e0
0.000000000e0
0.000000000e0
0.000000000e0
0.000000000e0
0.000000000e0
0.000000000e0
0.000000000e0
0.000000000e0
0.000000000e0
0.000000000e0
0.000000000e0
0.000000000e0
0.000000000e0
0.000000000e0
0.000000000e0
0.000000000e0
0.000000000e0
0.000000000e0
0.000000000e0
0.000000000e0
0.000000000e0
0.000000000e0
0.000000000e0
0.000000000e0
0.000000000e0
0.000000000e0
0.000000000e0
0.000000000e0
0.000000000e0
0.000000000e0
0.000000000e0
0.000000000e0
0.000000000e0
0.000000000e0
0.000000000e0
0.000000000e0
0.000000000e0
0.000000000e0
0.000000000e0
0.000000000e0
0.000000000e0
0.000000000e0
0.000000000e0
0.000000000e0
0.000000000e0
0.000000000e0
0.000000000e0
0.000000000e0
0.000000000e0
0.000000000e0
0.000000000e0
0.000000000e0
0.000000000e0
0.000000000e0
0.000000000e0
0.000000000e0
0.000000000e0
0.000000000e0
0.000000000e0
0.000000000e0
0.000000000e0
0.000000000e0
0.000000000e0
0.000000000e0
0.000000000e0
0.000000000e0
0.000000000e0
0.000000000e0
0.000000000e0
0.000000000e0
0.000000000e0
0.000000000e0
0.000000000e0
0.000000000e0
0.000000000e0
0.000000000e0
0.000000000e0
0.000000000e0
0.000000000e0
0.000000000e0
0.000000000e0
0.000000000e0
0.000000000e0
0.000000000e0
0.000000000e0
0.000000000e0
0.000000000e0
0.000000000e0
0.000000000e0
0.000000000e0
0.000000000e0
0.000000000e0
0.000000000e0
0.000000000e0
0.000000000e0
0.000000000e0
0.000000000e0
0.000000000e0
0.000000000e0
0.000000000e0
0.000000000e0
0.000000000e0
0.000000000e0
0.000000000e0
0.000000000e0
0.000000000e0
0.000000000e0
0.000000000e0
2.303709835e-1
3.199616969e-1
6.591238379e-1
7.412456870e-1
2.204031944e-1
3.909325600e-1
9.274575114e-1
9.565505981e-1
1.205828506e-2
2.138796635e-2
5.074131116e-2
5.233299732e-2
0.000000000e0
0.000000000e0
0.000000000e0
0.000000000e0
0.000000000e0
0.000000000e0
0.000000000e0
0.000000000e0
0.000000000e0
0.000000000e0
0.000000000e0
0.000000000e0
0.000000000e0
0.000000000e0
0.000000000e0
0.000000000e0
0.000000000e0
0.000000000e0
0.000000000e0
0.000000000e0
0.000000000e0
0.000000000e0
0.000000000e0
0.000000000e0
0.000000000e0
0.000000000e0
0.000000000e0
0.000000000e0
0.000000000e0
0.000000000e0
0.000000000e0
0.000000000e0
0.000000000e0
0.000000000e0
0.000000000e0
0.000000000e0
2.635297179e-1
2.803968787e-1
4.543295801e-1
5.982161164e-1
2.413972169e-1
2.568477988e-1
4.161728024e-1
5.479750633e-1
0.000000000e0
0.000000000e0
0.000000000e0
0.000000000e0
0.000000000e0
0.000000000e0
0.000000000e0
0.000000000e0
0.000000000e0
0.000000000e0
0.000000000e0
0.000000000e0
0.000000000e0
0.000000000e0
0.000000000e0
0.000000000e0
0.000000000e0
0.000000000e0
0.000000000e0
0.000000000e0
0.000000000e0
0.000000000e0
0.000000000e0
0.000000000e0
0.000000000e0
0.000000000e0
0.000000000e0
0.000000000e0
0.000000000e0
0.000000000e0
0.000000000e0
0.000000000e0
0.000000000e0
0.000000000e0
0.000000000e0
0.000000000e0
0.000000000e0
0.000000000e0
0.000000000e0
0.000000000e0
0.000000000e0
0.000000000e0
0.000000000e0
0.000000000e0
0.000000000e0
0.000000000e0
0.000000000e0
0.000000000e0
0.000000000e0
0.000000000e0
0.000000000e0
0.000000000e0
0.000000000e0
0.000000000e0
0.000000000e0
0.000000000e0
0.000000000e0
0.000000000e0
0.000000000e0
0.000000000e0
0.000000000e0
0.000000000e0
0.000000000e0
0.000000000e0
0.000000000e0
0.000000000e0
0.000000000e0
0.000000000e0
0.000000000e0
0.000000000e0
0.000000000e0
0.000000000e0
0.000000000e0
0.000000000e0
0.000000000e0
0.000000000e0
8.535435423e-3
1.513943449e-2
3.591714799e-2
3.704381734e-2
2.652471066e-1
2.326571792e-1
2.838059664e-1
4.575442076e-1
0.000000000e0
0.000000000e0
0.000000000e0
0.000000000e0
0.000000000e0
0.000000000e0
0.000000000e0
0.000000000e0
0.000000000e0
0.000000000e0
0.000000000e0
0.000000000e0
0.000000000e0
0.000000000e0
0.000000000e0
0.000000000e0
0.000000000e0
0.000000000e0
0.000000000e0
0.000000000e0
0.000000000e0
0.000000000e0
0.000000000e0
0.000000000e0
0.000000000e0
0.000000000e0
0.000000000e0
0.000000000e0
0.000000000e0
0.000000000e0
0.000000000e0
0.000000000e0
0.000000000e0
0.000000000e0
0.000000000e0
0.000000000e0
1.555597782e-1
1.676231921e-1
2.755616009e-1
3.592678308e-1
2.274514437e-1
2.475099862e-1
4.113820195e-1
5.323612690e-1
1.736443862e-2
1.902956329e-2
3.187458962e-2
4.103252664e-2
0.000000000e0
0.000000000e0
0.000000000e0
0.000000000e0
0.000000000e0
0.000000000e0
0.000000000e0
0.000000000e0
0.000000000e0
0.000000000e0
0.000000000e0
0.000000000e0
0.000000000e0
0.000000000e0
0.000000000e0
0.000000000e0
0.000000000e0
0.000000000e0
0.000000000e0
0.000000000e0
0.000000000e0
0.000000000e0
0.000000000e0
0.000000000e0
0.000000000e0
0.000000000e0
0.000000000e0
0.000000000e0
0.000000000e0
0.000000000e0
0.000000000e0
0.000000000e0
0.000000000e0
0.000000000e0
0.000000000e0
0.000000000e0
0.000000000e0
0.000000000e0
0.000000000e0
0.000000000e0
0.000000000e0
0.000000000e0
0.000000000e0
0.000000000e0
0.000000000e0
0.000000000e0
0.000000000e0
0.000000000e0
0.000000000e0
0.000000000e0
0.000000000e0
0.000000000e0
0.000000000e0
0.000000000e0
0.000000000e0
0.000000000e0
0.000000000e0
0.000000000e0
0.000000000e0
0.000000000e0
0.000000000e0
0.000000000e0
0.000000000e0
0.000000000e0
0.000000000e0
0.000000000e0
0.000000000e0
0.000000000e0
2.849120796e-1
3.289125860e-1
5.813698173e-1
7.219015956e-1
1.925601363e-1
2.222982347e-1
3.929234743e-1
4.879030287e-1
0.000000000e0
0.000000000e0
0.000000000e0
0.000000000e0
5.545315146e-2
5.322842672e-2
7.539319992e-2
1.090386212e-1
4.006639123e-2
3.845896944e-2
5.447360873e-2
7.878333330e-2
0.000000000e0
0.000000000e0
0.000000000e0
0.000000000e0
8.584824204e-2
1.431830674e-1
3.294442296e-1
3.460770547e-1
9.049773216e-2
1.509377807e-1
3.472867310e-1
3.648203909e-1
0.000000000e0
0.000000000e0
0.000000000e0
0.000000000e0
0.000000000e0
0.000000000e0
0.000000000e0
0.000000000e0
6.364218146e-2
1.238996983e-1
3.063645661e-1
3.083389401e-1
9.987209737e-2
1.944327354e-1
4.807703197e-1
4.838686883e-1
2.244538516e-1
2.659434080e-1
4.818941951e-1
5.886234045e-1
2.882586718e-1
3.159005940e-1
5.291346908e-1
6.811611652e-1
1.328346580e-1
1.455725431e-1
2.438345701e-1
3.138910234e-1
0.000000000e0
0.000000000e0
0.000000000e0
0.000000000e0
0.000000000e0
0.000000000e0
0.000000000e0
0.000000000e0
0.000000000e0
0.000000000e0
0.000000000e0
0.000000000e0
0.000000000e0
0.000000000e0
0.000000000e0
0.000000000e0
0.000000000e0
0.000000000e0
0.000000000e0
0.000000000e0
0.000000000e0
0.000000000e0
0.000000000e0
0.000000000e0
0.000000000e0
0.000000000e0
0.000000000e0
0.000000000e0
0.000000000e0
0.000000000e0
0.000000000e0
0.000000000e0
0.000000000e0
0.000000000e0
0.000000000e0
0.000000000e0
0.000000000e0
0.000000000e0
0.000000000e0
0.000000000e0
0.000000000e0
0.000000000e0
0.000000000e0
0.000000000e0
0.000000000e0
0.000000000e0
0.000000000e0
0.000000000e0
0.000000000e0
0.000000000e0
0.000000000e0
0.000000000e0
0.000000000e0
0.000000000e0
0.000000000e0
0.000000000e0
1.576081365e-1
2.043917626e-1
4.001548886e-1
4.648025036e-1
1.540660113e-1
1.997982264e-1
3.911617100e-1
4.543564618e-1
0.000000000e0
0.000000000e0
0.000000000e0
0.000000000e0
2.252589315e-1
2.600468695e-1
4.596461654e-1
5.707542300e-1
1.465996802e-1
1.692398638e-1
2.991401255e-1
3.714498281e-1
0.000000000e0
0.000000000e0
0.000000000e0
0.000000000e0
1.402048916e-1
1.419374645e-1
2.163713574e-1
2.971468866e-1
1.673653871e-1
1.810242832e-1
2.988542020e-1
3.885163069e-1
9.453856386e-3
1.181047875e-2
2.242896147e-2
2.656901442e-2
2.310295254e-1
3.853254914e-1
8.865801096e-1
9.313413501e-1
2.310295254e-1
3.853254914e-1
8.865801096e-1
9.313413501e-1
0.000000000e0
0.000000000e0
0.000000000e0
0.000000000e0
3.515407816e-2
6.843856722e-2
1.692268103e-1
1.703174114e-1
1.787966639e-1
3.480844498e-1
8.607021570e-1
8.662490249e-1
2.045152038e-1
3.981537521e-1
9.845076203e-1
9.908523560e-1
1.839321405e-1
3.112473786e-1
7.215014696e-1
7.545279860e-1
1.587224454e-1
1.747222245e-1
2.940829098e-1
3.773378134e-1
7.468698081e-3
8.184892125e-3
1.370972581e-2
1.764868759e-2
0.000000000e0
0.000000000e0
0.000000000e0
0.000000000e0
0.000000000e0
0.000000000e0
0.000000000e0
0.000000000e0
0.000000000e0
0.000000000e0
0.000000000e0
0.000000000e0
0.000000000e0
0.000000000e0
0.000000000e0
0.000000000e0
0.000000000e0
0.000000000e0
0.000000000e0
0.000000000e0
0.000000000e0
0.000000000e0
0.000000000e0
0.000000000e0
0.000000000e0
0.000000000e0
0.000000000e0
0.000000000e0
0.000000000e0
0.000000000e0
0.000000000e0
0.000000000e0
0.000000000e0
0.000000000e0
0.000000000e0
0.000000000e0
0.000000000e0
0.000000000e0
0.000000000e0
0.000000000e0
0.000000000e0
0.000000000e0
0.000000000e0
0.000000000e0
0.000000000e0
0.000000000e0
0.000000000e0
0.000000000e0
0.000000000e0
0.000000000e0
0.000000000e0
0.000000000e0
0.000000000e0
0.000000000e0
0.000000000e0
0.000000000e0
5.030263960e-2
6.523422897e-2
1.277145147e-1
1.483476311e-1
4.769755155e-2
6.185586005e-2
1.211004034e-1
1.406649649e-1
0.000000000e0
0.000000000e0
0.000000000e0
0.000000000e0
0.000000000e0
0.000000000e0
0.000000000e0
0.000000000e0
0.000000000e0
0.000000000e0
0.000000000e0
0.000000000e0
0.000000000e0
0.000000000e0
0.000000000e0
0.000000000e0
2.080780566e-1
2.599470019e-1
4.936583042e-1
5.847803354e-1
2.766151726e-1
3.455687761e-1
6.562603116e-1
7.773962617e-1
1.702481359e-1
2.126869708e-1
4.039080739e-1
4.784635007e-1
8.419527858e-2
1.404261440e-1
3.231009543e-1
3.394135237e-1
8.881880343e-2
1.481375545e-1
3.408437967e-1
3.580521643e-1
0.000000000e0
0.000000000e0
0.000000000e0
0.000000000e0
3.872101009e-2
7.538273185e-2
1.863975227e-1
1.875987798e-1
1.856299490e-1
3.613876104e-1
8.935965896e-1
8.993554711e-1
2.045152038e-1
3.981537521e-1
9.845076203e-1
9.908523560e-1
1.538725793e-1
2.995617986e-1
7.407211065e-1
7.454947233e-1
4.669970367e-3
9.091579355e-3
2.248058468e-2
2.262546308e-2
0.000000000e0
0.000000000e0
0.000000000e0
0.000000000e0
0.000000000e0
0.000000000e0
0.000000000e0
0.000000000e0
0.000000000e0
0.000000000e0
0.000000000e0
0.000000000e0
0.000000000e0
0.000000000e0
0.000000000e0
0.000000000e0
0.000000000e0
0.000000000e0
0.000000000e0
0.000000000e0
0.000000000e0
0.000000000e0
0.000000000e0
0.000000000e0
0.000000000e0
0.000000000e0
0.000000000e0
0.000000000e0
0.000000000e0
0.000000000e0
0.000000000e0
0.000000000e0
0.000000000e0
0.000000000e0
0.000000000e0
0.000000000e0
0.000000000e0
0.000000000e0
0.000000000e0
0.000000000e0
0.000000000e0
0.000000000e0
0.000000000e0
0.000000000e0
0.000000000e0
0.000000000e0
0.000000000e0
0.000000000e0
0.000000000e0
0.000000000e0
0.000000000e0
0.000000000e0
0.000000000e0
0.000000000e0
0.000000000e0
0.000000000e0
0.000000000e0
0.000000000e0
0.000000000e0
0.000000000e0
1.147229783e-2
1.578664780e-2
3.230867162e-2
3.648414090e-2
2.518835068e-1
3.466085494e-1
7.093628645e-1
8.010386229e-1
0.000000000e0
0.000000000e0
0.000000000e0
0.000000000e0
0.000000000e0
0.000000000e0
0.000000000e0
0.000000000e0
0.000000000e0
0.000000000e0
0.000000000e0
0.000000000e0
1.051144768e-2
1.313170232e-2
2.493805997e-2
2.954125591e-2
2.328388840e-1
2.908800840e-1
5.524024963e-1
6.543678641e-1
2.766151726e-1
3.455687761e-1
6.562603116e-1
7.773962617e-1
1.915107369e-1
2.392498106e-1
4.543528557e-1
5.382196903e-1
0.000000000e0
0.000000000e0
0.000000000e0
0.000000000e0
0.000000000e0
0.000000000e0
0.000000000e0
0.000000000e0
0.000000000e0
0.000000000e0
0.000000000e0
0.000000000e0
0.000000000e0
0.000000000e0
0.000000000e0
0.000000000e0
7.563316077e-2
1.472439468e-1
3.640874624e-1
3.664338589e-1
1.137681380e-1
2.214857787e-1
5.476639271e-1
5.511933565e-1
5.588076636e-2
1.087896451e-1
2.690021992e-1
2.707358003e-1
0.000000000e0
0.000000000e0
0.000000000e0
0.000000000e0
0.000000000e0
0.000000000e0
0.000000000e0
0.000000000e0
0.000000000e0
0.000000000e0
0.000000000e0
0.000000000e0
0.000000000e0
0.000000000e0
0.000000000e0
0.000000000e0
0.000000000e0
0.000000000e0
0.000000000e0
0.000000000e0
0.000000000e0
0.000000000e0
0.000000000e0
0.000000000e0
0.000000000e0
0.000000000e0
0.000000000e0
0.000000000e0
0.000000000e0
0.000000000e0
0.000000000e0
0.000000000e0
0.000000000e0
0.000000000e0
0.000000000e0
0.000000000e0
0.000000000e0
0.000000000e0
0.000000000e0
0.000000000e0
0.000000000e0
0.000000000e0
0.000000000e0
0.000000000e0
0.000000000e0
0.000000000e0
0.000000000e0
0.000000000e0
0.000000000e0
0.000000000e0
0.000000000e0
0.000000000e0
0.000000000e0
0.000000000e0
0.000000000e0
0.000000000e0
0.000000000e0
0.000000000e0
0.000000000e0
0.000000000e0
0.000000000e0
0.000000000e0
0.000000000e0
0.000000000e0
0.000000000e0
0.000000000e0
0.000000000e0
0.000000000e0
1.445200741e-1
1.988692880e-1
4.070023298e-1
4.596019983e-1
0.000000000e0
0.000000000e0
0.000000000e0
0.000000000e0
0.000000000e0
0.000000000e0
0.000000000e0
0.000000000e0
0.000000000e0
0.000000000e0
0.000000000e0
0.000000000e0
0.000000000e0
0.000000000e0
0.000000000e0
0.000000000e0
2.621068656e-1
2.419409752e-1
3.225795925e-1
4.872387350e-1
1.382771283e-1
1.727463454e-1
3.280579150e-1
3.886125386e-1
1.972807646e-1
1.697489917e-1
1.995599568e-1
3.307005763e-1
0.000000000e0
0.000000000e0
0.000000000e0
0.000000000e0
0.000000000e0
0.000000000e0
0.000000000e0
0.000000000e0
0.000000000e0
0.000000000e0
0.000000000e0
0.000000000e0
0.000000000e0
0.000000000e0
0.000000000e0
0.000000000e0
0.000000000e0
0.000000000e0
0.000000000e0
0.000000000e0
0.000000000e0
0.000000000e0
0.000000000e0
0.000000000e0
0.000000000e0
0.000000000e0
0.000000000e0
0.000000000e0
0.000000000e0
0.000000000e0
0.000000000e0
0.000000000e0
0.000000000e0
0.000000000e0
0.000000000e0
0.000000000e0
0.000000000e0
0.000000000e0
0.000000000e0
0.000000000e0
0.000000000e0
0.000000000e0
0.000000000e0
0.000000000e0
0.000000000e0
0.000000000e0
0.000000000e0
0.000000000e0
0.000000000e0
0.000000000e0
0.000000000e0
0.000000000e0
0.000000000e0
0.000000000e0
0.000000000e0
0.000000000e0
0.000000000e0
0.000000000e0
0.000000000e0
0.000000000e0
0.000000000e0
0.000000000e0
0.000000000e0
0.000000000e0
0.000000000e0
0.000000000e0
0.000000000e0
0.000000000e0
0.000000000e0
0.000000000e0
0.000000000e0
0.000000000e0
0.000000000e0
0.000000000e0
0.000000000e0
0.000000000e0
0.000000000e0
0.000000000e0
0.000000000e0
0.000000000e0
0.000000000e0
0.000000000e0
0.000000000e0
0.000000000e0
0.000000000e0
0.000000000e0
0.000000000e0
0.000000000e0
0.000000000e0
0.000000000e0
0.000000000e0
0.000000000e0
0.000000000e0
0.000000000e0
0.000000000e0
0.000000000e0
0.000000000e0
0.000000000e0
0.000000000e0
0.000000000e0
0.000000000e0
0.000000000e0
0.000000000e0
0.000000000e0
0.000000000e0
0.000000000e0
0.000000000e0
0.000000000e0
0.000000000e0
0.000000000e0
0.000000000e0
0.000000000e0
0.000000000e0
0.000000000e0
0.000000000e0
0.000000000e0
0.000000000e0
0.000000000e0
0.000000000e0
0.000000000e0
0.000000000e0
0.000000000e0
0.000000000e0
0.000000000e0
0.000000000e0
0.000000000e0
0.000000000e0
0.000000000e0
0.000000000e0
0.000000000e0
0.000000000e0
0.000000000e0
0.000000000e0
0.000000000e0
0.000000000e0
0.000000000e0
0.000000000e0
0.000000000e0
0.000000000e0
0.000000000e0
0.000000000e0
0.000000000e0
0.000000000e0
0.000000000e0
0.000000000e0
0.000000000e0
0.000000000e0
0.000000000e0
0.000000000e0
0.000000000e0
0.000000000e0
0.000000000e0
0.000000000e0
0.000000000e0
0.000000000e0
0.000000000e0
0.000000000e0
0.000000000e0
0.000000000e0
0.000000000e0
0.000000000e0
0.000000000e0
0.000000000e0
0.000000000e0
0.000000000e0
0.000000000e0
0.000000000e0
0.000000000e0
1.607247144e-1
1.417677701e-1
1.747377366e-1
2.795520425e-1
0.000000000e0
0.000000000e0
0.000000000e0
0.000000000e0
0.000000000e0
0.000000000e0
0.000000000e0
0.000000000e0
0.000000000e0
0.000000000e0
0.000000000e0
0.000000000e0
0.000000000e0
0.000000000e0
0.000000000e0
0.000000000e0
0.000000000e0
0.000000000e0
0.000000000e0
0.000000000e0
0.000000000e0
0.000000000e0
0.000000000e0
0.000000000e0
0.000000000e0
0.000000000e0
0.000000000e0
0.000000000e0
0.000000000e0
0.000000000e0
0.000000000e0
0.000000000e0
0.000000000e0
0.000000000e0
0.000000000e0
0.000000000e0
0.000000000e0
0.000000000e0
0.000000000e0
0.000000000e0
0.000000000e0
0.000000000e0
0.000000000e0
0.000000000e0
0.000000000e0
0.000000000e0
0.000000000e0
0.000000000e0
0.000000000e0
0.000000000e0
0.000000000e0
0.000000000e0
0.000000000e0
0.000000000e0
0.000000000e0
0.000000000e0
0.000000000e0
0.000000000e0
0.000000000e0
0.000000000e0
0.000000000e0
0.000000000e0
0.000000000e0
0.000000000e0
0.000000000e0
0.000000000e0
0.000000000e0
0.000000000e0
0.000000000e0
0.000000000e0
0.000000000e0
0.000000000e0
0.000000000e0
0.000000000e0
0.000000000e0
0.000000000e0
0.000000000e0
0.000000000e0
0.000000000e0
0.000000000e0
0.000000000e0
0.000000000e0
0.000000000e0
0.000000000e0
0.000000000e0
0.000000000e0
0.000000000e0
0.000000000e0
0.000000000e0
0.000000000e0
0.000000000e0
0.000000000e0
0.000000000e0
0.000000000e0
0.000000000e0
0.000000000e0
0.000000000e0
0.000000000e0
0.000000000e0
0.000000000e0
0.000000000e0
0.000000000e0
0.000000000e0
0.000000000e0
0.000000000e0
0.000000000e0
0.000000000e0
0.000000000e0
0.000000000e0
0.000000000e0
0.000000000e0
0.000000000e0
0.000000000e0
0.000000000e0
0.000000000e0
0.000000000e0
0.000000000e0
0.000000000e0
0.000000000e0
0.000000000e0
0.000000000e0
0.000000000e0
0.000000000e0
0.000000000e0
0.000000000e0
0.000000000e0
0.000000000e0
0.000000000e0
0.000000000e0
0.000000000e0
0.000000000e0
0.000000000e0
0.000000000e0
0.000000000e0
0.000000000e0
0.000000000e0
0.000000000e0
0.000000000e0
0.000000000e0
0.000000000e0
0.000000000e0
0.000000000e0
0.000000000e0
0.000000000e0
0.000000000e0
0.000000000e0
0.000000000e0
0.000000000e0
0.000000000e0
0.000000000e0
0.000000000e0
0.000000000e0
0.000000000e0
0.000000000e0
0.000000000e0
0.000000000e0
0.000000000e0
0.000000000e0
0.000000000e0
0.000000000e0
0.000000000e0
0.000000000e0
0.000000000e0
0.000000000e0
0.000000000e0
0.000000000e0
0.000000000e0
0.000000000e0
0.000000000e0
0.000000000e0
0.000000000e0
0.000000000e0
0.000000000e0
0.000000000e0
0.000000000e0
0.000000000e0
0.000000000e0
0.000000000e0
0.000000000e0
0.000000000e0
0.000000000e0
0.000000000e0
0.000000000e0
0.000000000e0
0.000000000e0
0.000000000e0
0.000000000e0
0.000000000e0
0.000000000e0
0.000000000e0
0.000000000e0
0.000000000e0
0.000000000e0
0.000000000e0
0.000000000e0
0.000000000e0
0.000000000e0
0.000000000e0
0.000000000e0
0.000000000e0
0.000000000e0
0.000000000e0
0.000000000e0
0.000000000e0
0.000000000e0
0.000000000e0
0.000000000e0
0.000000000e0
0.000000000e0
0.000000000e0
0.000000000e0
0.000000000e0
0.000000000e0
0.000000000e0
0.000000000e0
0.000000000e0
0.000000000e0
0.000000000e0
0.000000000e0
0.000000000e0
0.000000000e0
0.000000000e0
0.000000000e0
0.000000000e0
0.000000000e0
0.000000000e0
0.000000000e0
0.000000000e0
0.000000000e0
0.000000000e0
0.000000000e0
0.000000000e0
0.000000000e0
0.000000000e0
0.000000000e0
0.000000000e0
0.000000000e0
0.000000000e0
0.000000000e0
0.000000000e0
0.000000000e0
0.000000000e0
0.000000000e0
0.000000000e0
0.000000000e0
0.000000000e0
0.000000000e0
0.000000000e0
0.000000000e0
0.000000000e0
0.000000000e0
0.000000000e0
0.000000000e0
0.000000000e0
0.000000000e0
0.000000000e0
0.000000000e0
0.000000000e0
0.000000000e0
0.000000000e0
0.000000000e0
0.000000000e0
0.000000000e0
0.000000000e0
0.000000000e0
0.000000000e0
0.000000000e0
0.000000000e0
0.000000000e0
0.000000000e0
0.000000000e0
0.000000000e0
0.000000000e0
0.000000000e0
0.000000000e0
0.000000000e0
0.000000000e0
0.000000000e0
0.000000000e0
0.000000000e0
0.000000000e0
0.000000000e0
0.000000000e0
0.000000000e0
0.000000000e0
0.000000000e0
0.000000000e0
0.000000000e0
0.000000000e0
0.000000000e0
0.000000000e0
0.000000000e0
0.000000000e0
0.000000000e0
0.000000000e0
0.000000000e0
0.000000000e0
0.000000000e0
0.000000000e0
0.000000000e0
0.000000000e0
0.000000000e0
0.000000000e0
0.000000000e0
0.000000000e0
0.000000000e0
0.000000000e0
0.000000000e0
0.000000000e0
0.000000000e0
0.000000000e0
0.000000000e0
0.000000000e0
0.000000000e0
0.000000000e0
0.000000000e0
0.000000000e0
0.000000000e0
0.000000000e0
0.000000000e0
0.000000000e0
0.000000000e0
0.000000000e0
0.000000000e0
0.000000000e0
0.000000000e0
0.000000000e0
0.000000000e0
0.000000000e0
0.000000000e0
0.000000000e0
0.000000000e0
0.000000000e0
0.000000000e0
0.000000000e0
0.000000000e0
0.000000000e0
0.000000000e0
0.000000000e0
0.000000000e0
0.000000000e0
0.000000000e0
0.000000000e0
0.000000000e0
0.000000000e0
0.000000000e0
0.000000000e0
0.000000000e0
0.000000000e0
0.000000000e0
0.000000000e0
0.000000000e0
0.000000000e0
0.000000000e0
0.000000000e0
0.000000000e0
0.000000000e0
0.000000000e0
0.000000000e0
0.000000000e0
0.000000000e0
0.000000000e0
0.000000000e0
0.000000000e0
0.000000000e0
0.000000000e0
0.000000000e0
0.000000000e0
0.000000000e0
0.000000000e0
0.000000000e0
0.000000000e0
0.000000000e0
0.000000000e0
0.000000000e0
0.000000000e0
0.000000000e0
0.000000000e0
0.000000000e0
0.000000000e0
0.000000000e0
0.000000000e0
0.000000000e0
0.000000000e0
0.000000000e0
0.000000000e0
0.000000000e0
0.000000000e0
0.000000000e0
0.000000000e0
0.000000000e0
0.000000000e0
0.000000000e0
0.000000000e0
0.000000000e0
0.000000000e0
0.000000000e0
0.000000000e0
0.000000000e0
0.000000000e0
0.000000000e0
0.000000000e0
0.000000000e0
0.000000000e0
0.000000000e0
0.000000000e0
0.000000000e0
0.000000000e0
0.000000000e0
0.000000000e0
0.000000000e0
0.000000000e0
0.000000000e0
0.000000000e0
0.000000000e0
0.000000000e0
0.000000000e0
0.000000000e0
0.000000000e0
0.000000000e0
0.000000000e0
0.000000000e0
0.000000000e0
0.000000000e0
0.000000000e0
0.000000000e0
0.000000000e0
0.000000000e0
0.000000000e0
0.000000000e0
0.000000000e0
0.000000000e0
0.000000000e0
0.000000000e0
0.000000000e0
0.000000000e0
0.000000000e0
0.000000000e0
0.000000000e0
0.000000000e0
0.000000000e0
0.000000000e0
0.000000000e0
0.000000000e0
0.000000000e0
0.000000000e0
0.000000000e0
0.000000000e0
0.000000000e0
0.000000000e0
0.000000000e0
0.000000000e0
0.000000000e0
0.000000000e0
0.000000000e0
0.000000000e0
0.000000000e0
0.000000000e0
0.000000000e0
0.000000000e0
0.000000000e0
0.000000000e0
0.000000000e0
0.000000000e0
0.000000000e0
0.000000000e0
0.000000000e0
0.000000000e0
0.000000000e0
0.000000000e0
0.000000000e0
0.000000000e0
0.000000000e0
0.000000000e0
0.000000000e0
0.000000000e0
0.000000000e0
0.000000000e0
0.000000000e0
0.000000000e0
0.000000000e0
0.000000000e0
0.000000000e0
0.000000000e0
0.000000000e0
0.000000000e0
0.000000000e0
0.000000000e0
0.000000000e0
0.000000000e0
0.000000000e0
0.000000000e0
0.000000000e0
0.000000000e0
0.000000000e0
0.000000000e0
0.000000000e0
0.000000000e0
0.000000000e0
0.000000000e0
0.000000000e0
0.000000000e0
0.000000000e0
0.000000000e0
0.000000000e0
0.000000000e0
0.000000000e0
0.000000000e0
0.000000000e0
0.000000000e0
0.000000000e0
0.000000000e0
0.000000000e0
0.000000000e0
0.000000000e0
0.000000000e0
0.000000000e0
0.000000000e0
0.000000000e0
0.000000000e0
0.000000000e0
0.000000000e0
0.000000000e0
0.000000000e0
0.000000000e0
0.000000000e0
0.000000000e0
0.000000000e0
0.000000000e0
0.000000000e0
0.000000000e0
0.000000000e0
0.000000000e0
0.000000000e0
0.000000000e0
0.000000000e0
0.000000000e0
0.000000000e0
0.000000000e0
0.000000000e0
0.000000000e0
0.000000000e0
0.000000000e0
0.000000000e0
0.000000000e0
0.000000000e0
0.000000000e0
0.000000000e0
0.000000000e0
0.000000000e0
0.000000000e0
0.000000000e0
0.000000000e0
0.000000000e0
0.000000000e0
0.000000000e0
0.000000000e0
0.000000000e0
0.000000000e0
0.000000000e0
0.000000000e0
0.000000000e0
0.000000000e0
0.000000000e0
0.000000000e0
0.000000000e0
0.000000000e0
0.000000000e0
0.000000000e0
0.000000000e0
0.000000000e0
0.000000000e0
0.000000000e0
0.000000000e0
0.000000000e0
0.000000000e0
0.000000000e0
0.000000000e0
0.000000000e0
0.000000000e0
0.000000000e0
0.000000000e0
0.000000000e0
0.000000000e0
0.000000000e0
0.000000000e0
0.000000000e0
0.000000000e0
0.000000000e0
0.000000000e0
0.000000000e0
0.000000000e0
0.000000000e0
0.000000000e0
0.000000000e0
0.000000000e0
0.000000000e0
0.000000000e0
0.000000000e0
0.000000000e0
0.000000000e0
0.000000000e0
0.000000000e0
0.000000000e0
0.000000000e0
0.000000000e0
0.000000000e0
0.000000000e0
0.000000000e0
0.000000000e0
0.000000000e0
0.000000000e0
0.000000000e0
0.000000000e0
0.000000000e0
0.000000000e0
0.000000000e0
0.000000000e0
0.000000000e0
0.000000000e0
0.000000000e0
0.000000000e0
0.000000000e0
0.000000000e0
0.000000000e0
0.000000000e0
0.000000000e0
0.000000000e0
0.000000000e0
0.000000000e0
0.000000000e0
0.000000000e0
0.000000000e0
0.000000000e0
0.000000000e0
0.000000000e0
0.000000000e0
0.000000000e0
0.000000000e0
0.000000000e0
0.000000000e0
0.000000000e0
0.000000000e0
0.000000000e0
0.000000000e0
0.000000000e0
0.000000000e0
0.000000000e0
0.000000000e0
0.000000000e0
0.000000000e0
0.000000000e0
0.000000000e0
0.000000000e0
0.000000000e0
0.000000000e0
0.000000000e0
0.000000000e0
0.000000000e0
0.000000000e0
0.000000000e0
0.000000000e0
0.000000000e0
0.000000000e0
0.000000000e0
0.000000000e0
0.000000000e0
0.000000000e0
0.000000000e0
0.000000000e0
0.000000000e0
0.000000000e0
0.000000000e0
0.000000000e0
0.000000000e0
0.000000000e0
0.000000000e0
0.000000000e0
0.000000000e0
0.000000000e0
0.000000000e0
0.000000000e0
0.000000000e0
0.000000000e0
0.000000000e0
0.000000000e0
0.000000000e0
0.000000000e0
0.000000000e0
0.000000000e0
0.000000000e0
0.000000000e0
0.000000000e0
0.000000000e0
0.000000000e0
0.000000000e0
0.000000000e0
0.000000000e0
0.000000000e0
0.000000000e0
0.000000000e0
0.000000000e0
0.000000000e0
0.000000000e0
0.000000000e0
0.000000000e0
0.000000000e0
0.000000000e0
0.000000000e0
0.000000000e0
0.000000000e0
0.000000000e0
0.000000000e0
0.000000000e0
0.000000000e0
0.000000000e0
0.000000000e0
0.000000000e0
0.000000000e0
0.000000000e0
0.000000000e0
0.000000000e0
0.000000000e0
0.000000000e0
0.000000000e0
0.000000000e0
0.000000000e0
0.000000000e0
0.000000000e0
0.000000000e0
0.000000000e0
0.000000000e0
0.000000000e0
0.000000000e0
0.000000000e0
0.000000000e0
0.000000000e0
0.000000000e0
0.000000000e0
0.000000000e0
0.000000000e0
0.000000000e0
0.000000000e0
0.000000000e0
0.000000000e0
0.000000000e0
0.000000000e0
0.000000000e0
0.000000000e0
0.000000000e0
0.000000000e0
0.000000000e0
0.000000000e0
0.000000000e0
0.000000000e0
0.000000000e0
0.000000000e0
0.000000000e0
0.000000000e0
0.000000000e0
0.000000000e0
0.000000000e0
0.000000000e0
0.000000000e0
0.000000000e0
0.000000000e0
0.000000000e0
0.000000000e0
0.000000000e0
0.000000000e0
0.000000000e0
0.000000000e0
0.000000000e0
0.000000000e0
0.000000000e0
0.000000000e0
frame sprite 32 24
0.000000000e0
0.000000000e0
0.000000000e0
0.000000000e0
0.000000000e0
0.000000000e0
0.000000000e0
0.000000000e0
0.000000000e0
0.000000000e0
0.000000000e0
0.000000000e0
0.000000000e0
0.000000000e0
0.000000000e0
0.000000000e0
0.000000000e0
0.000000000e0
0.000000000e0
0.000000000e0
0.000000000e0
0.000000000e0
0.000000000e0
0.000000000e0
0.000000000e0
0.000000000e0
0.000000000e0
0.000000000e0
0.000000000e0
0.000000000e0
0.000000000e0
0.000000000e0
0.000000000e0
0.000000000e0
0.000000000e0
0.000000000e0
0.000000000e0
0.000000000e0
0.000000000e0
0.000000000e0
0.000000000e0
0.000000000e0
0.000000000e0
0.000000000e0
0.000000000e0
0.000000000e0
0.000000000e0
0.000000000e0
0.000000000e0
0.000000000e0
0.000000000e0
0.000000000e0
0.000000000e0
0.000000000e0
0.000000000e0
0.000000000e0
0.000000000e0
0.000000000e0
0.000000000e0
0.000000000e0
0.000000000e0
0.000000000e0
0.000000000e0
0.000000000e0
0.000000000e0
0.000000000e0
0.000000000e0
0.000000000e0
0.000000000e0
0.000000000e0
0.000000000e0
0.000000000e0
0.000000000e0
0.000000000e0
0.000000000e0
0.000000000e0
0.000000000e0
0.000000000e0
0.000000000e0
0.000000000e0
0.000000000e0
0.000000000e0
0.000000000e0
0.000000000e0
0.000000000e0
0.000000000e0
0.000000000e0
0.000000000e0
0.000000000e0
0.000000000e0
0.000000000e0
0.000000000e0
0.000000000e0
0.000000000e0
0.000000000e0
0.000000000e0
0.000000000e0
0.000000000e0
0.000000000e0
0.000000000e0
0.000000000e0
0.000000000e0
0.000000000e0
0.000000000e0
0.000000000e0
0.000000000e0
0.000000000e0
0.000000000e0
0.000000000e0
0.000000000e0
0.000000000e0
0.000000000e0
0.000000000e0
0.000000000e0
0.000000000e0
0.000000000e0
0.000000000e0
0.000000000e0
0.000000000e0
0.000000000e0
0.000000000e0
0.000000000e0
0.000000000e0
0.000000000e0
0.000000000e0
0.000000000e0
0.000000000e0
0.000000000e0
0.000000000e0
0.000000000e0
0.000000000e0
0.000000000e0
0.000000000e0
0.000000000e0
0.000000000e0
0.000000000e0
0.000000000e0
0.000000000e0
0.000000000e0
0.000000000e0
0.000000000e0
0.000000000e0
0.000000000e0
0.000000000e0
0.000000000e0
0.000000000e0
0.000000000e0
0.000000000e0
0.000000000e0
0.000000000e0
0.000000000e0
0.000000000e0
0.000000000e0
0.000000000e0
0.000000000e0
0.000000000e0
0.000000000e0
0.000000000e0
0.000000000e0
0.000000000e0
0.000000000e0
0.000000000e0
0.000000000e0
0.000000000e0
0.000000000e0
0.000000000e0
0.000000000e0
0.000000000e0
0.000000000e0
0.000000000e0
0.000000000e0
0.000000000e0
0.000000000e0
0.000000000e0
0.000000000e0
0.000000000e0
0.000000000e0
0.000000000e0
0.000000000e0
0.000000000e0
0.000000000e0
0.000000000e0
0.000000000e0
0.000000000e0
0.000000000e0
0.000000000e0
0.000000000e0
0.000000000e0
0.000000000e0
0.000000000e0
0.000000000e0
0.000000000e0
0.000000000e0
0.000000000e0
0.000000000e0
0.000000000e0
0.000000000e0
0.000000000e0
0.000000000e0
0.000000000e0
0.000000000e0
0.000000000e0
0.000000000e0
0.000000000e0
0.000000000e0
0.000000000e0
0.000000000e0
0.000000000e0
0.000000000e0
0.000000000e0
0.000000000e0
0.000000000e0
0.000000000e0
0.000000000e0
0.000000000e0
0.000000000e0
0.000000000e0
0.000000000e0
0.000000000e0
0.000000000e0
0.000000000e0
0.000000000e0
0.000000000e0
0.000000000e0
0.000000000e0
0.000000000e0
0.000000000e0
0.000000000e0
0.000000000e0
0.000000000e0
0.000000000e0
0.000000000e0
0.000000000e0
0.000000000e0
0.000000000e0
0.000000000e0
0.000000000e0
0.000000000e0
0.000000000e0
0.000000000e0
0.000000000e0
0.000000000e0
0.000000000e0
0.000000000e0
0.000000000e0
0.000000000e0
0.000000000e0
0.000000000e0
0.000000000e0
0.000000000e0
0.000000000e0
0.000000000e0
0.000000000e0
0.000000000e0
0.000000000e0
0.000000000e0
0.000000000e0
0.000000000e0
0.000000000e0
0.000000000e0
0.000000000e0
0.000000000e0
0.000000000e0
0.000000000e0
0.000000000e0
0.000000000e0
0.000000000e0
0.000000000e0
0.000000000e0
0.000000000e0
0.000000000e0
0.000000000e0
0.000000000e0
0.000000000e0
0.000000000e0
0.000000000e0
0.000000000e0
0.000000000e0
0.000000000e0
0.000000000e0
0.000000000e0
0.000000000e0
0.000000000e0
0.000000000e0
0.000000000e0
0.000000000e0
0.000000000e0
0.000000000e0
0.000000000e0
0.000000000e0
0.000000000e0
0.000000000e0
0.000000000e0
0.000000000e0
0.000000000e0
0.000000000e0
0.000000000e0
0.000000000e0
0.000000000e0
0.000000000e0
0.000000000e0
0.000000000e0
0.000000000e0
0.000000000e0
0.000000000e0
0.000000000e0
0.000000000e0
0.000000000e0
0.000000000e0
0.000000000e0
0.000000000e0
0.000000000e0
0.000000000e0
0.000000000e0
0.000000000e0
0.000000000e0
0.000000000e0
0.000000000e0
0.000000000e0
0.000000000e0
0.000000000e0
0.000000000e0
0.000000000e0
0.000000000e0
0.000000000e0
0.000000000e0
0.000000000e0
0.000000000e0
0.000000000e0
0.000000000e0
0.000000000e0
0.000000000e0
0.000000000e0
0.000000000e0
0.000000000e0
0.000000000e0
0.000000000e0
0.000000000e0
0.000000000e0
0.000000000e0
0.000000000e0
0.000000000e0
0.000000000e0
0.000000000e0
0.000000000e0
0.000000000e0
0.000000000e0
0.000000000e0
0.000000000e0
0.000000000e0
0.000000000e0
0.000000000e0
0.000000000e0
0.000000000e0
0.000000000e0
0.000000000e0
0.000000000e0
0.000000000e0
0.000000000e0
0.000000000e0
0.000000000e0
0.000000000e0
0.000000000e0
0.000000000e0
0.000000000e0
0.000000000e0
0.000000000e0
0.000000000e0
0.000000000e0
0.000000000e0
0.000000000e0
0.000000000e0
0.000000000e0
0.000000000e0
0.000000000e0
0.000000000e0
0.000000000e0
0.000000000e0
0.000000000e0
0.000000000e0
0.000000000e0
0.000000000e0
0.000000000e0
0.000000000e0
0.000000000e0
0.000000000e0
0.000000000e0
0.000000000e0
0.000000000e0
0.000000000e0
0.000000000e0
0.000000000e0
0.000000000e0
0.000000000e0
0.000000000e0
0.000000000e0
0.000000000e0
0.000000000e0
0.000000000e0
0.000000000e0
0.000000000e0
0.000000000e0
0.000000000e0
0.000000000e0
0.000000000e0
0.000000000e0
0.000000000e0
0.000000000e0
0.000000000e0
0.000000000e0
0.000000000e0
0.000000000e0
0.000000000e0
0.000000000e0
0.000000000e0
0.000000000e0
0.000000000e0
0.000000000e0
0.000000000e0
0.000000000e0
0.000000000e0
0.000000000e0
0.000000000e0
0.000000000e0
0.000000000e0
0.000000000e0
0.000000000e0
0.000000000e0
0.000000000e0
0.000000000e0
0.000000000e0
0.000000000e0
0.000000000e0
0.000000000e0
0.000000000e0
0.000000000e0
6.486053020e-2
4.688871279e-2
3.438941389e-2
8.270829171e-2
0.000000000e0
0.000000000e0
0.000000000e0
0.000000000e0
0.000000000e0
0.000000000e0
0.000000000e0
0.000000000e0
0.000000000e0
0.000000000e0
0.000000000e0
0.000000000e0
0.000000000e0
0.000000000e0
0.000000000e0
0.000000000e0
0.000000000e0
0.000000000e0
0.000000000e0
0.000000000e0
0.000000000e0
0.000000000e0
0.000000000e0
0.000000000e0
0.000000000e0
0.000000000e0
0.000000000e0
0.000000000e0
0.000000000e0
0.000000000e0
0.000000000e0
0.000000000e0
0.000000000e0
0.000000000e0
0.000000000e0
0.000000000e0
0.000000000e0
0.000000000e0
0.000000000e0
0.000000000e0
0.000000000e0
0.000000000e0
0.000000000e0
0.000000000e0
0.000000000e0
0.000000000e0
0.000000000e0
0.000000000e0
0.000000000e0
0.000000000e0
0.000000000e0
0.000000000e0
0.000000000e0
0.000000000e0
0.000000000e0
0.000000000e0
0.000000000e0
0.000000000e0
0.000000000e0
0.000000000e0
0.000000000e0
0.000000000e0
0.000000000e0
0.000000000e0
0.000000000e0
0.000000000e0
0.000000000e0
0.000000000e0
0.000000000e0
0.000000000e0
0.000000000e0
0.000000000e0
0.000000000e0
0.000000000e0
0.000000000e0
0.000000000e0
0.000000000e0
0.000000000e0
0.000000000e0
0.000000000e0
0.000000000e0
0.000000000e0
0.000000000e0
0.000000000e0
0.000000000e0
0.000000000e0
0.000000000e0
0.000000000e0
0.000000000e0
0.000000000e0
0.000000000e0
0.000000000e0
0.000000000e0
0.000000000e0
0.000000000e0
0.000000000e0
0.000000000e0
0.000000000e0
0.000000000e0
0.000000000e0
0.000000000e0
0.000000000e0
0.000000000e0
0.000000000e0
0.000000000e0
0.000000000e0
0.000000000e0
0.000000000e0
0.000000000e0
0.000000000e0
0.000000000e0
0.000000000e0
0.000000000e0
0.000000000e0
0.000000000e0
0.000000000e0
0.000000000e0
0.000000000e0
0.000000000e0
0.000000000e0
0.000000000e0
0.000000000e0
0.000000000e0
0.000000000e0
0.000000000e0
0.000000000e0
0.000000000e0
0.000000000e0
0.000000000e0
0.000000000e0
0.000000000e0
0.000000000e0
0.000000000e0
0.000000000e0
0.000000000e0
0.000000000e0
0.000000000e0
0.000000000e0
0.000000000e0
0.000000000e0
0.000000000e0
0.000000000e0
0.000000000e0
0.000000000e0
0.000000000e0
0.000000000e0
0.000000000e0
0.000000000e0
0.000000000e0
0.000000000e0
0.000000000e0
0.000000000e0
0.000000000e0
0.000000000e0
0.000000000e0
0.000000000e0
0.000000000e0
0.000000000e0
0.000000000e0
0.000000000e0
0.000000000e0
0.000000000e0
0.000000000e0
0.000000000e0
0.000000000e0
0.000000000e0
0.000000000e0
0.000000000e0
0.000000000e0
0.000000000e0
0.000000000e0
0.000000000e0
0.000000000e0
0.000000000e0
0.000000000e0
0.000000000e0
0.000000000e0
0.000000000e0
0.000000000e0
0.000000000e0
0.000000000e0
0.000000000e0
0.000000000e0
0.000000000e0
0.000000000e0
0.000000000e0
0.000000000e0
0.000000000e0
0.000000000e0
0.000000000e0
0.000000000e0
0.000000000e0
0.000000000e0
0.000000000e0
0.000000000e0
0.000000000e0
0.000000000e0
0.000000000e0
0.000000000e0
0.000000000e0
0.000000000e0
0.000000000e0
0.000000000e0
0.000000000e0
0.000000000e0
0.000000000e0
0.000000000e0
0.000000000e0
0.000000000e0
0.000000000e0
0.000000000e0
0.000000000e0
0.000000000e0
0.000000000e0
0.000000000e0
0.000000000e0
0.000000000e0
0.000000000e0
0.000000000e0
0.000000000e0
0.000000000e0
0.000000000e0
0.000000000e0
0.000000000e0
0.000000000e0
0.000000000e0
0.000000000e0
0.000000000e0
0.000000000e0
0.000000000e0
0.000000000e0
0.000000000e0
0.000000000e0
0.000000000e0
0.000000000e0
0.000000000e0
0.000000000e0
0.000000000e0
0.000000000e0
0.000000000e0
0.000000000e0
0.000000000e0
0.000000000e0
0.000000000e0
0.000000000e0
0.000000000e0
0.000000000e0
0.000000000e0
0.000000000e0
0.000000000e0
0.000000000e0
0.000000000e0
0.000000000e0
0.000000000e0
0.000000000e0
0.000000000e0
1.388977170e-1
1.279257387e-1
1.699446738e-1
2.573686540e-1
1.388977170e-1
1.279257387e-1
1.699446738e-1
2.573686540e-1
0.000000000e0
0.000000000e0
0.000000000e0
0.000000000e0
0.000000000e0
0.000000000e0
0.000000000e0
0.000000000e0
0.000000000e0
0.000000000e0
0.000000000e0
0.000000000e0
0.000000000e0
0.000000000e0
0.000000000e0
0.000000000e0
0.000000000e0
0.000000000e0
0.000000000e0
0.000000000e0
0.000000000e0
0.000000000e0
0.000000000e0
0.000000000e0
0.000000000e0
0.000000000e0
0.000000000e0
0.000000000e0
0.000000000e0
0.000000000e0
0.000000000e0
0.000000000e0
0.000000000e0
0.000000000e0
0.000000000e0
0.000000000e0
0.000000000e0
0.000000000e0
0.000000000e0
0.000000000e0
0.000000000e0
0.000000000e0
0.000000000e0
0.000000000e0
0.000000000e0
0.000000000e0
0.000000000e0
0.000000000e0
0.000000000e0
0.000000000e0
0.000000000e0
0.000000000e0
0.000000000e0
0.000000000e0
0.000000000e0
0.000000000e0
0.000000000e0
0.000000000e0
0.000000000e0
0.000000000e0
0.000000000e0
0.000000000e0
0.000000000e0
0.000000000e0
0.000000000e0
0.000000000e0
0.000000000e0
0.000000000e0
0.000000000e0
0.000000000e0
0.000000000e0
0.000000000e0
0.000000000e0
0.000000000e0
0.000000000e0
0.000000000e0
0.000000000e0
0.000000000e0
0.000000000e0
0.000000000e0
0.000000000e0
0.000000000e0
0.000000000e0
0.000000000e0
0.000000000e0
0.000000000e0
0.000000000e0
0.000000000e0
0.000000000e0
0.000000000e0
0.000000000e0
0.000000000e0
0.000000000e0
0.000000000e0
0.000000000e0
0.000000000e0
0.000000000e0
0.000000000e0
0.000000000e0
0.000000000e0
0.000000000e0
0.000000000e0
0.000000000e0
0.000000000e0
0.000000000e0
0.000000000e0
0.000000000e0
0.000000000e0
0.000000000e0
0.000000000e0
0.000000000e0
0.000000000e0
0.000000000e0
0.000000000e0
0.000000000e0
0.000000000e0
0.000000000e0
0.000000000e0
0.000000000e0
0.000000000e0
1.388977170e-1
1.279257387e-1
1.699446738e-1
2.573686540e-1
1.388977170e-1
1.279257387e-1
1.699446738e-1
2.573686540e-1
0.000000000e0
0.000000000e0
0.000000000e0
0.000000000e0
0.000000000e0
0.000000000e0
0.000000000e0
0.000000000e0
0.000000000e0
0.000000000e0
0.000000000e0
0.000000000e0
1.128086075e-1
9.073440731e-2
9.195320308e-2
1.706348360e-1
0.000000000e0
0.000000000e0
0.000000000e0
0.000000000e0
0.000000000e0
0.000000000e0
0.000000000e0
0.000000000e0
0.000000000e0
0.000000000e0
0.000000000e0
0.000000000e0
0.000000000e0
0.000000000e0
0.000000000e0
0.000000000e0
0.000000000e0
0.000000000e0
0.000000000e0
0.000000000e0
0.000000000e0
0.000000000e0
0.000000000e0
0.000000000e0
0.000000000e0
0.000000000e0
0.000000000e0
0.000000000e0
0.000000000e0
0.000000000e0
0.000000000e0
0.000000000e0
0.000000000e0
0.000000000e0
0.000000000e0
0.000000000e0
0.000000000e0
0.000000000e0
0.000000000e0
0.000000000e0
0.000000000e0
0.000000000e0
0.000000000e0
0.000000000e0
0.000000000e0
0.000000000e0
0.000000000e0
0.000000000e0
0.000000000e0
0.000000000e0
0.000000000e0
0.000000000e0
0.000000000e0
0.000000000e0
0.000000000e0
0.000000000e0
0.000000000e0
0.000000000e0
0.000000000e0
0.000000000e0
0.000000000e0
0.000000000e0
0.000000000e0
0.000000000e0
0.000000000e0
0.000000000e0
0.000000000e0
0.000000000e0
0.000000000e0
0.000000000e0
0.000000000e0
0.000000000e0
0.000000000e0
0.000000000e0
0.000000000e0
0.000000000e0
0.000000000e0
0.000000000e0
0.000000000e0
0.000000000e0
0.000000000e0
0.000000000e0
0.000000000e0
0.000000000e0
0.000000000e0
0.000000000e0
0.000000000e0
0.000000000e0
0.000000000e0
0.000000000e0
0.000000000e0
0.000000000e0
0.000000000e0
0.000000000e0
0.000000000e0
0.000000000e0
1.149777919e-1
9.314669669e-2
9.605783969e-2
1.758630276e-1
1.439825147e-1
1.438957751e-1
2.156701833e-1
2.997105718e-1
1.439825147e-1
1.438957751e-1
2.156701833e-1
2.997105718e-1
0.000000000e0
0.000000000e0
0.000000000e0
0.000000000e0
0.000000000e0
0.000000000e0
0.000000000e0
0.000000000e0
1.048542634e-1
8.236236125e-2
7.855973393e-2
1.528449953e-1
0.000000000e0
0.000000000e0
0.000000000e0
0.000000000e0
0.000000000e0
0.000000000e0
0.000000000e0
0.000000000e0
0.000000000e0
0.000000000e0
0.000000000e0
0.000000000e0
0.000000000e0
0.000000000e0
0.000000000e0
0.000000000e0
0.000000000e0
0.000000000e0
0.000000000e0
0.000000000e0
0.000000000e0
0.000000000e0
0.000000000e0
0.000000000e0
0.000000000e0
0.000000000e0
0.000000000e0
0.000000000e0
0.000000000e0
0.000000000e0
0.000000000e0
0.000000000e0
0.000000000e0
0.000000000e0
0.000000000e0
0.000000000e0
0.000000000e0
0.000000000e0
0.000000000e0
0.000000000e0
0.000000000e0
0.000000000e0
0.000000000e0
0.000000000e0
0.000000000e0
0.000000000e0
0.000000000e0
0.000000000e0
0.000000000e0
0.000000000e0
0.000000000e0
0.000000000e0
0.000000000e0
0.000000000e0
0.000000000e0
0.000000000e0
0.000000000e0
0.000000000e0
0.000000000e0
0.000000000e0
0.000000000e0
0.000000000e0
0.000000000e0
0.000000000e0
0.000000000e0
0.000000000e0
0.000000000e0
0.000000000e0
0.000000000e0
0.000000000e0
0.000000000e0
0.000000000e0
0.000000000e0
0.000000000e0
0.000000000e0
0.000000000e0
0.000000000e0
0.000000000e0
0.000000000e0
0.000000000e0
0.000000000e0
0.000000000e0
0.000000000e0
0.000000000e0
0.000000000e0
0.000000000e0
0.000000000e0
0.000000000e0
0.000000000e0
0.000000000e0
0.000000000e0
0.000000000e0
0.000000000e0
0.000000000e0
0.000000000e0
0.000000000e0
0.000000000e0
0.000000000e0
0.000000000e0
0.000000000e0
0.000000000e0
0.000000000e0
0.000000000e0
0.000000000e0
2.336391062e-1
2.117365301e-1
2.737995982e-1
4.228655696e-1
1.439825147e-1
1.438957751e-1
2.156701833e-1
2.997105718e-1
1.439825147e-1
1.438957751e-1
2.156701833e-1
2.997105718e-1
0.000000000e0
0.000000000e0
0.000000000e0
0.000000000e0
0.000000000e0
0.000000000e0
0.000000000e0
0.000000000e0
0.000000000e0
0.000000000e0
0.000000000e0
0.000000000e0
0.000000000e0
0.000000000e0
0.000000000e0
0.000000000e0
0.000000000e0
0.000000000e0
0.000000000e0
0.000000000e0
0.000000000e0
0.000000000e0
0.000000000e0
0.000000000e0
0.000000000e0
0.000000000e0
0.000000000e0
0.000000000e0
0.000000000e0
0.000000000e0
0.000000000e0
0.000000000e0
0.000000000e0
0.000000000e0
0.000000000e0
0.000000000e0
0.000000000e0
0.000000000e0
0.000000000e0
0.000000000e0
0.000000000e0
0.000000000e0
0.000000000e0
0.000000000e0
0.000000000e0
0.000000000e0
0.000000000e0
0.000000000e0
0.000000000e0
0.000000000e0
0.000000000e0
0.000000000e0
0.000000000e0
0.000000000e0
0.000000000e0
0.000000000e0
0.000000000e0
0.000000000e0
0.000000000e0
0.000000000e0
0.000000000e0
0.000000000e0
0.000000000e0
0.000000000e0
0.000000000e0
0.000000000e0
0.000000000e0
0.000000000e0
0.000000000e0
0.000000000e0
0.000000000e0
0.000000000e0
0.000000000e0
0.000000000e0
0.000000000e0
0.000000000e0
0.000000000e0
0.000000000e0
0.000000000e0
0.000000000e0
0.000000000e0
0.000000000e0
0.000000000e0
0.000000000e0
0.000000000e0
0.000000000e0
0.000000000e0
0.000000000e0
0.000000000e0
0.000000000e0
0.000000000e0
0.000000000e0
0.000000000e0
0.000000000e0
0.000000000e0
0.000000000e0
0.000000000e0
0.000000000e0
0.000000000e0
0.000000000e0
0.000000000e0
0.000000000e0
0.000000000e0
0.000000000e0
0.000000000e0
0.000000000e0
0.000000000e0
0.000000000e0
0.000000000e0
0.000000000e0
0.000000000e0
0.000000000e0
0.000000000e0
0.000000000e0
0.000000000e0
0.000000000e0
1.439825147e-1
1.438957751e-1
2.156701833e-1
2.997105718e-1
2.211555243e-1
2.807787657e-1
5.404145122e-1
6.346417069e-1
2.211555243e-1
2.807787657e-1
5.404145122e-1
6.346417069e-1
1.102015972e-1
1.954662800e-1
4.637287557e-1
4.782752991e-1
0.000000000e0
0.000000000e0
0.000000000e0
0.000000000e0
0.000000000e0
0.000000000e0
0.000000000e0
0.000000000e0
0.000000000e0
0.000000000e0
0.000000000e0
0.000000000e0
0.000000000e0
0.000000000e0
0.000000000e0
0.000000000e0
0.000000000e0
0.000000000e0
0.000000000e0
0.000000000e0
0.000000000e0
0.000000000e0
0.000000000e0
0.000000000e0
0.000000000e0
0.000000000e0
0.000000000e0
0.000000000e0
0.000000000e0
0.000000000e0
0.000000000e0
0.000000000e0
0.000000000e0
0.000000000e0
0.000000000e0
0.000000000e0
0.000000000e0
0.000000000e0
0.000000000e0
0.000000000e0
1.445787400e-1
1.538324803e-1
2.492561489e-1
3.281957507e-1
0.000000000e0
0.000000000e0
0.000000000e0
0.000000000e0
0.000000000e0
0.000000000e0
0.000000000e0
0.000000000e0
0.000000000e0
0.000000000e0
0.000000000e0
0.000000000e0
0.000000000e0
0.000000000e0
0.000000000e0
0.000000000e0
0.000000000e0
0.000000000e0
0.000000000e0
0.000000000e0
0.000000000e0
0.000000000e0
0.000000000e0
0.000000000e0
0.000000000e0
0.000000000e0
0.000000000e0
0.000000000e0
0.000000000e0
0.000000000e0
0.000000000e0
0.000000000e0
0.000000000e0
0.000000000e0
0.000000000e0
0.000000000e0
0.000000000e0
0.000000000e0
0.000000000e0
0.000000000e0
0.000000000e0
0.000000000e0
0.000000000e0
0.000000000e0
0.000000000e0
0.000000000e0
0.000000000e0
0.000000000e0
0.000000000e0
0.000000000e0
0.000000000e0
0.000000000e0
0.000000000e0
0.000000000e0
0.000000000e0
0.000000000e0
0.000000000e0
0.000000000e0
0.000000000e0
0.000000000e0
0.000000000e0
0.000000000e0
0.000000000e0
0.000000000e0
0.000000000e0
0.000000000e0
0.000000000e0
0.000000000e0
0.000000000e0
0.000000000e0
0.000000000e0
0.000000000e0
1.847137809e-1
2.381799072e-1
4.642020762e-1
5.407631993e-1
1.102015972e-1
1.954662800e-1
4.637287557e-1
4.782752991e-1
1.102015972e-1
1.954662800e-1
4.637287557e-1
4.782752991e-1
0.000000000e0
0.000000000e0
0.000000000e0
0.000000000e0
0.000000000e0
0.000000000e0
0.000000000e0
0.000000000e0
0.000000000e0
0.000000000e0
0.000000000e0
0.000000000e0
0.000000000e0
0.000000000e0
0.000000000e0
0.000000000e0
0.000000000e0
0.000000000e0
0.000000000e0
0.000000000e0
0.000000000e0
0.000000000e0
0.000000000e0
0.000000000e0
0.000000000e0
0.000000000e0
0.000000000e0
0.000000000e0
0.000000000e0
0.000000000e0
0.000000000e0
0.000000000e0
0.000000000e0
0.000000000e0
0.000000000e0
0.000000000e0
1.445787400e-1
1.538324803e-1
2.492561489e-1
3.281957507e-1
1.445787400e-1
1.538324803e-1
2.492561489e-1
3.281957507e-1
0.000000000e0
0.000000000e0
0.000000000e0
0.000000000e0
0.000000000e0
0.000000000e0
0.000000000e0
0.000000000e0
0.000000000e0
0.000000000e0
0.000000000e0
0.000000000e0
0.000000000e0
0.000000000e0
0.000000000e0
0.000000000e0
0.000000000e0
0.000000000e0
0.000000000e0
0.000000000e0
0.000000000e0
0.000000000e0
0.000000000e0
0.000000000e0
0.000000000e0
0.000000000e0
0.000000000e0
0.000000000e0
0.000000000e0
0.000000000e0
0.000000000e0
0.000000000e0
0.000000000e0
0.000000000e0
0.000000000e0
0.000000000e0
0.000000000e0
0.000000000e0
0.000000000e0
0.000000000e0
0.000000000e0
0.000000000e0
0.000000000e0
0.000000000e0
0.000000000e0
0.000000000e0
0.000000000e0
0.000000000e0
0.000000000e0
0.000000000e0
0.000000000e0
0.000000000e0
0.000000000e0
0.000000000e0
0.000000000e0
0.000000000e0
0.000000000e0
0.000000000e0
0.000000000e0
0.000000000e0
0.000000000e0
0.000000000e0
0.000000000e0
0.000000000e0
0.000000000e0
0.000000000e0
0.000000000e0
0.000000000e0
0.000000000e0
0.000000000e0
0.000000000e0
0.000000000e0
1.102015972e-1
1.954662800e-1
4.637287557e-1
4.782752991e-1
1.102015972e-1
1.954662800e-1
4.637287557e-1
4.782752991e-1
1.326235533e-1
1.163285896e-1
1.419029832e-1
2.287721038e-1
0.000000000e0
0.000000000e0
0.000000000e0
0.000000000e0
0.000000000e0
0.000000000e0
0.000000000e0
0.000000000e0
0.000000000e0
0.000000000e0
0.000000000e0
0.000000000e0
0.000000000e0
0.000000000e0
0.000000000e0
0.000000000e0
0.000000000e0
0.000000000e0
0.000000000e0
0.000000000e0
0.000000000e0
0.000000000e0
0.000000000e0
0.000000000e0
0.000000000e0
0.000000000e0
0.000000000e0
0.000000000e0
0.000000000e0
0.000000000e0
0.000000000e0
0.000000000e0
0.000000000e0
0.000000000e0
0.000000000e0
0.000000000e0
2.394673675e-1
2.593904138e-1
4.289316833e-1
5.569992065e-1
2.394673675e-1
2.593904138e-1
4.289316833e-1
5.569992065e-1
1.441293359e-1
1.579502970e-1
2.645673454e-1
3.405805826e-1
0.000000000e0
0.000000000e0
0.000000000e0
0.000000000e0
0.000000000e0
0.000000000e0
0.000000000e0
0.000000000e0
0.000000000e0
0.000000000e0
0.000000000e0
0.000000000e0
0.000000000e0
0.000000000e0
0.000000000e0
0.000000000e0
0.000000000e0
0.000000000e0
0.000000000e0
0.000000000e0
0.000000000e0
0.000000000e0
0.000000000e0
0.000000000e0
0.000000000e0
0.000000000e0
0.000000000e0
0.000000000e0
0.000000000e0
0.000000000e0
0.000000000e0
0.000000000e0
0.000000000e0
0.000000000e0
0.000000000e0
0.000000000e0
0.000000000e0
0.000000000e0
0.000000000e0
0.000000000e0
0.000000000e0
0.000000000e0
0.000000000e0
0.000000000e0
0.000000000e0
0.000000000e0
0.000000000e0
0.000000000e0
0.000000000e0
0.000000000e0
0.000000000e0
0.000000000e0
0.000000000e0
0.000000000e0
0.000000000e0
0.000000000e0
0.000000000e0
0.000000000e0
0.000000000e0
0.000000000e0
0.000000000e0
0.000000000e0
0.000000000e0
0.000000000e0
0.000000000e0
0.000000000e0
0.000000000e0
0.000000000e0
1.424560398e-1
1.644562930e-1
2.906849086e-1
3.609507978e-1
1.424560398e-1
1.644562930e-1
2.906849086e-1
3.609507978e-1
0.000000000e0
0.000000000e0
0.000000000e0
0.000000000e0
1.421930194e-1
1.364883780e-1
1.933232993e-1
2.795969248e-1
1.421930194e-1
1.364883780e-1
1.933232993e-1
2.795969248e-1
0.000000000e0
0.000000000e0
0.000000000e0
0.000000000e0
1.155147627e-1
1.926627457e-1
4.432900548e-1
4.656706750e-1
1.155147627e-1
1.926627457e-1
4.432900548e-1
4.656706750e-1
0.000000000e0
0.000000000e0
0.000000000e0
0.000000000e0
1.022576019e-1
1.990768760e-1
4.922538102e-1
4.954261780e-1
1.022576019e-1
1.990768760e-1
4.922538102e-1
4.954261780e-1
1.022576019e-1
1.990768760e-1
4.922538102e-1
4.954261780e-1
2.115599811e-1
2.892254591e-1
5.891690254e-1
6.672742367e-1
2.115599811e-1
2.892254591e-1
5.891690254e-1
6.672742367e-1
1.441293359e-1
1.579502970e-1
2.645673454e-1
3.405805826e-1
0.000000000e0
0.000000000e0
0.000000000e0
0.000000000e0
0.000000000e0
0.000000000e0
0.000000000e0
0.000000000e0
0.000000000e0
0.000000000e0
0.000000000e0
0.000000000e0
0.000000000e0
0.000000000e0
0.000000000e0
0.000000000e0
0.000000000e0
0.000000000e0
0.000000000e0
0.000000000e0
0.000000000e0
0.000000000e0
0.000000000e0
0.000000000e0
0.000000000e0
0.000000000e0
0.000000000e0
0.000000000e0
0.000000000e0
0.000000000e0
0.000000000e0
0.000000000e0
0.000000000e0
0.000000000e0
0.000000000e0
0.000000000e0
0.000000000e0
0.000000000e0
0.000000000e0
0.000000000e0
0.000000000e0
0.000000000e0
0.000000000e0
0.000000000e0
0.000000000e0
0.000000000e0
0.000000000e0
0.000000000e0
0.000000000e0
0.000000000e0
0.000000000e0
0.000000000e0
0.000000000e0
0.000000000e0
0.000000000e0
0.000000000e0
1.358558089e-1
1.761825830e-1
3.449274004e-1
4.006526768e-1
1.358558089e-1
1.761825830e-1
3.449274004e-1
4.006526768e-1
0.000000000e0
0.000000000e0
0.000000000e0
0.000000000e0
1.424560398e-1
1.644562930e-1
2.906849086e-1
3.609507978e-1
1.424560398e-1
1.644562930e-1
2.906849086e-1
3.609507978e-1
0.000000000e0
0.000000000e0
0.000000000e0
0.000000000e0
2.418302298e-1
2.609627843e-1
4.297092557e-1
5.596162677e-1
2.418302298e-1
2.609627843e-1
4.297092557e-1
5.596162677e-1
1.383075863e-1
1.727843881e-1
3.281301558e-1
3.886981308e-1
1.155147627e-1
1.926627457e-1
4.432900548e-1
4.656706750e-1
1.155147627e-1
1.926627457e-1
4.432900548e-1
4.656706750e-1
0.000000000e0
0.000000000e0
0.000000000e0
0.000000000e0
1.022576019e-1
1.990768760e-1
4.922538102e-1
4.954261780e-1
1.022576019e-1
1.990768760e-1
4.922538102e-1
4.954261780e-1
1.022576019e-1
1.990768760e-1
4.922538102e-1
4.954261780e-1
2.115599811e-1
2.892254591e-1
5.891690254e-1
6.672742367e-1
2.115599811e-1
2.892254591e-1
5.891690254e-1
6.672742367e-1
1.441293359e-1
1.579502970e-1
2.645673454e-1
3.405805826e-1
0.000000000e0
0.000000000e0
0.000000000e0
0.000000000e0
0.000000000e0
0.000000000e0
0.000000000e0
0.000000000e0
0.000000000e0
0.000000000e0
0.000000000e0
0.000000000e0
0.000000000e0
0.000000000e0
0.000000000e0
0.000000000e0
0.000000000e0
0.000000000e0
0.000000000e0
0.000000000e0
0.000000000e0
0.000000000e0
0.000000000e0
0.000000000e0
0.000000000e0
0.000000000e0
0.000000000e0
0.000000000e0
0.000000000e0
0.000000000e0
0.000000000e0
0.000000000e0
0.000000000e0
0.000000000e0
0.000000000e0
0.000000000e0
0.000000000e0
0.000000000e0
0.000000000e0
0.000000000e0
0.000000000e0
0.000000000e0
0.000000000e0
0.000000000e0
0.000000000e0
0.000000000e0
0.000000000e0
0.000000000e0
0.000000000e0
0.000000000e0
0.000000000e0
0.000000000e0
0.000000000e0
0.000000000e0
0.000000000e0
0.000000000e0
1.358558089e-1
1.761825830e-1
3.449274004e-1
4.006526768e-1
1.358558089e-1
1.761825830e-1
3.449274004e-1
4.006526768e-1
0.000000000e0
0.000000000e0
0.000000000e0
0.000000000e0
0.000000000e0
0.000000000e0
0.000000000e0
0.000000000e0
0.000000000e0
0.000000000e0
0.000000000e0
0.000000000e0
1.383075863e-1
1.727843881e-1
3.281301558e-1
3.886981308e-1
1.383075863e-1
1.727843881e-1
3.281301558e-1
3.886981308e-1
1.383075863e-1
1.727843881e-1
3.281301558e-1
3.886981308e-1
1.383075863e-1
1.727843881e-1
3.281301558e-1
3.886981308e-1
1.155147627e-1
1.926627457e-1
4.432900548e-1
4.656706750e-1
1.661176682e-1
2.207464576e-1
4.403772950e-1
5.054124594e-1
0.000000000e0
0.000000000e0
0.000000000e0
0.000000000e0
1.022576019e-1
1.990768760e-1
4.922538102e-1
4.954261780e-1
1.022576019e-1
1.990768760e-1
4.922538102e-1
4.954261780e-1
1.022576019e-1
1.990768760e-1
4.922538102e-1
4.954261780e-1
1.022576019e-1
1.990768760e-1
4.922538102e-1
4.954261780e-1
1.022576019e-1
1.990768760e-1
4.922538102e-1
4.954261780e-1
0.000000000e0
0.000000000e0
0.000000000e0
0.000000000e0
0.000000000e0
0.000000000e0
0.000000000e0
0.000000000e0
0.000000000e0
0.000000000e0
0.000000000e0
0.000000000e0
0.000000000e0
0.000000000e0
0.000000000e0
0.000000000e0
0.000000000e0
0.000000000e0
0.000000000e0
0.000000000e0
0.000000000e0
0.000000000e0
0.000000000e0
0.000000000e0
0.000000000e0
0.000000000e0
0.000000000e0
0.000000000e0
0.000000000e0
0.000000000e0
0.000000000e0
0.000000000e0
0.000000000e0
0.000000000e0
0.000000000e0
0.000000000e0
0.000000000e0
0.000000000e0
0.000000000e0
0.000000000e0
0.000000000e0
0.000000000e0
0.000000000e0
0.000000000e0
0.000000000e0
0.000000000e0
0.000000000e0
0.000000000e0
0.000000000e0
0.000000000e0
0.000000000e0
0.000000000e0
0.000000000e0
0.000000000e0
0.000000000e0
0.000000000e0
0.000000000e0
0.000000000e0
0.000000000e0
0.000000000e0
1.315179616e-1
1.809775084e-1
3.703853190e-1
4.182527363e-1
1.315179616e-1
1.809775084e-1
3.703853190e-1
4.182527363e-1
1.315179616e-1
1.809775084e-1
3.703853190e-1
4.182527363e-1
0.000000000e0
0.000000000e0
0.000000000e0
0.000000000e0
0.000000000e0
0.000000000e0
0.000000000e0
0.000000000e0
1.383075863e-1
1.727843881e-1
3.281301558e-1
3.886981308e-1
1.383075863e-1
1.727843881e-1
3.281301558e-1
3.886981308e-1
1.383075863e-1
1.727843881e-1
3.281301558e-1
3.886981308e-1
1.383075863e-1
1.727843881e-1
3.281301558e-1
3.886981308e-1
1.383075863e-1
1.727843881e-1
3.281301558e-1
3.886981308e-1
0.000000000e0
0.000000000e0
0.000000000e0
0.000000000e0
0.000000000e0
0.000000000e0
0.000000000e0
0.000000000e0
1.022576019e-1
1.990768760e-1
4.922538102e-1
4.954261780e-1
1.022576019e-1
1.990768760e-1
4.922538102e-1
4.954261780e-1
1.022576019e-1
1.990768760e-1
4.922538102e-1
4.954261780e-1
1.022576019e-1
1.990768760e-1
4.922538102e-1
4.954261780e-1
0.000000000e0
0.000000000e0
0.000000000e0
0.000000000e0
0.000000000e0
0.000000000e0
0.000000000e0
0.000000000e0
0.000000000e0
0.000000000e0
0.000000000e0
0.000000000e0
0.000000000e0
0.000000000e0
0.000000000e0
0.000000000e0
0.000000000e0
0.000000000e0
0.000000000e0
0.000000000e0
0.000000000e0
0.000000000e0
0.000000000e0
0.000000000e0
0.000000000e0
0.000000000e0
0.000000000e0
0.000000000e0
0.000000000e0
0.000000000e0
0.000000000e0
0.000000000e0
0.000000000e0
0.000000000e0
0.000000000e0
0.000000000e0
0.000000000e0
0.000000000e0
0.000000000e0
0.000000000e0
0.000000000e0
0.000000000e0
0.000000000e0
0.000000000e0
0.000000000e0
0.000000000e0
0.000000000e0
0.000000000e0
0.000000000e0
0.000000000e0
0.000000000e0
0.000000000e0
0.000000000e0
0.000000000e0
0.000000000e0
0.000000000e0
0.000000000e0
0.000000000e0
0.000000000e0
0.000000000e0
0.000000000e0
0.000000000e0
0.000000000e0
0.000000000e0
1.315179616e-1
1.809775084e-1
3.703853190e-1
4.182527363e-1
1.315179616e-1
1.809775084e-1
3.703853190e-1
4.182527363e-1
0.000000000e0
0.000000000e0
0.000000000e0
0.000000000e0
0.000000000e0
0.000000000e0
0.000000000e0
0.000000000e0
0.000000000e0
0.000000000e0
0.000000000e0
0.000000000e0
1.258375198e-1
1.064211577e-1
1.207989752e-1
2.055304199e-1
2.357186973e-1
2.436930984e-1
3.814884126e-1
5.143392682e-1
1.383075863e-1
1.727843881e-1
3.281301558e-1
3.886981308e-1
2.132364213e-1
2.212128490e-1
3.477720916e-1
4.675071239e-1
1.383075863e-1
1.727843881e-1
3.281301558e-1
3.886981308e-1
0.000000000e0
0.000000000e0
0.000000000e0
0.000000000e0
0.000000000e0
0.000000000e0
0.000000000e0
0.000000000e0
0.000000000e0
0.000000000e0
0.000000000e0
0.000000000e0
0.000000000e0
0.000000000e0
0.000000000e0
0.000000000e0
0.000000000e0
0.000000000e0
0.000000000e0
0.000000000e0
1.022576019e-1
1.990768760e-1
4.922538102e-1
4.954261780e-1
0.000000000e0
0.000000000e0
0.000000000e0
0.000000000e0
0.000000000e0
0.000000000e0
0.000000000e0
0.000000000e0
0.000000000e0
0.000000000e0
0.000000000e0
0.000000000e0
0.000000000e0
0.000000000e0
0.000000000e0
0.000000000e0
0.000000000e0
0.000000000e0
0.000000000e0
0.000000000e0
0.000000000e0
0.000000000e0
0.000000000e0
0.000000000e0
0.000000000e0
0.000000000e0
0.000000000e0
0.000000000e0
0.000000000e0
0.000000000e0
0.000000000e0
0.000000000e0
0.000000000e0
0.000000000e0
0.000000000e0
0.000000000e0
0.000000000e0
0.000000000e0
0.000000000e0
0.000000000e0
0.000000000e0
0.000000000e0
0.000000000e0
0.000000000e0
0.000000000e0
0.000000000e0
0.000000000e0
0.000000000e0
0.000000000e0
0.000000000e0
0.000000000e0
0.000000000e0
0.000000000e0
0.000000000e0
0.000000000e0
0.000000000e0
0.000000000e0
0.000000000e0
0.000000000e0
0.000000000e0
0.000000000e0
0.000000000e0
0.000000000e0
0.000000000e0
0.000000000e0
0.000000000e0
0.000000000e0
0.000000000e0
0.000000000e0
0.000000000e0
0.000000000e0
0.000000000e0
0.000000000e0
0.000000000e0
0.000000000e0
0.000000000e0
0.000000000e0
0.000000000e0
0.000000000e0
0.000000000e0
0.000000000e0
0.000000000e0
0.000000000e0
0.000000000e0
0.000000000e0
0.000000000e0
0.000000000e0
0.000000000e0
0.000000000e0
0.000000000e0
0.000000000e0
0.000000000e0
0.000000000e0
0.000000000e0
0.000000000e0
0.000000000e0
0.000000000e0
0.000000000e0
0.000000000e0
0.000000000e0
0.000000000e0
0.000000000e0
0.000000000e0
0.000000000e0
0.000000000e0
0.000000000e0
0.000000000e0
0.000000000e0
0.000000000e0
0.000000000e0
0.000000000e0
0.000000000e0
0.000000000e0
0.000000000e0
0.000000000e0
0.000000000e0
0.000000000e0
0.000000000e0
0.000000000e0
0.000000000e0
0.000000000e0
0.000000000e0
0.000000000e0
0.000000000e0
0.000000000e0
0.000000000e0
0.000000000e0
0.000000000e0
0.000000000e0
0.000000000e0
0.000000000e0
0.000000000e0
0.000000000e0
0.000000000e0
0.000000000e0
0.000000000e0
1.334934384e-1
1.177483350e-1
1.451322585e-1
2.321880907e-1
1.334934384e-1
1.177483350e-1
1.451322585e-1
2.321880907e-1
0.000000000e0
0.000000000e0
0.000000000e0
0.000000000e0
0.000000000e0
0.000000000e0
0.000000000e0
0.000000000e0
0.000000000e0
0.000000000e0
0.000000000e0
0.000000000e0
0.000000000e0
0.000000000e0
0.000000000e0
0.000000000e0
0.000000000e0
0.000000000e0
0.000000000e0
0.000000000e0
0.000000000e0
0.000000000e0
0.000000000e0
0.000000000e0
0.000000000e0
0.000000000e0
0.000000000e0
0.000000000e0
0.000000000e0
0.000000000e0
0.000000000e0
0.000000000e0
0.000000000e0
0.000000000e0
0.000000000e0
0.000000000e0
0.000000000e0
0.000000000e0
0.000000000e0
0.000000000e0
0.000000000e0
0.000000000e0
0.000000000e0
0.000000000e0
0.000000000e0
0.000000000e0
0.000000000e0
0.000000000e0
0.000000000e0
0.000000000e0
0.000000000e0
0.000000000e0
0.000000000e0
0.000000000e0
0.000000000e0
0.000000000e0
0.000000000e0
0.000000000e0
0.000000000e0
0.000000000e0
0.000000000e0
0.000000000e0
0.000000000e0
0.000000000e0
0.000000000e0
0.000000000e0
0.000000000e0
0.000000000e0
0.000000000e0
0.000000000e0
0.000000000e0
0.000000000e0
0.000000000e0
0.000000000e0
0.000000000e0
0.000000000e0
0.000000000e0
0.000000000e0
0.000000000e0
0.000000000e0
0.000000000e0
0.000000000e0
0.000000000e0
0.000000000e0
0.000000000e0
0.000000000e0
0.000000000e0
0.000000000e0
0.000000000e0
0.000000000e0
0.000000000e0
0.000000000e0
0.000000000e0
0.000000000e0
0.000000000e0
0.000000000e0
0.000000000e0
0.000000000e0
0.000000000e0
0.000000000e0
0.000000000e0
0.000000000e0
0.000000000e0
0.000000000e0
0.000000000e0
0.000000000e0
0.000000000e0
0.000000000e0
0.000000000e0
0.000000000e0
0.000000000e0
0.000000000e0
0.000000000e0
0.000000000e0
0.000000000e0
0.000000000e0
0.000000000e0
0.000000000e0
0.000000000e0
0.000000000e0
0.000000000e0
0.000000000e0
0.000000000e0
0.000000000e0
0.000000000e0
0.000000000e0
0.000000000e0
0.000000000e0
0.000000000e0
0.000000000e0
0.000000000e0
0.000000000e0
0.000000000e0
0.000000000e0
0.000000000e0
0.000000000e0
0.000000000e0
0.000000000e0
0.000000000e0
0.000000000e0
0.000000000e0
0.000000000e0
0.000000000e0
0.000000000e0
0.000000000e0
0.000000000e0
0.000000000e0
0.000000000e0
0.000000000e0
0.000000000e0
0.000000000e0
0.000000000e0
0.000000000e0
0.000000000e0
0.000000000e0
0.000000000e0
0.000000000e0
0.000000000e0
0.000000000e0
0.000000000e0
0.000000000e0
0.000000000e0
0.000000000e0
0.000000000e0
0.000000000e0
0.000000000e0
0.000000000e0
0.000000000e0
0.000000000e0
0.000000000e0
0.000000000e0
0.000000000e0
0.000000000e0
0.000000000e0
0.000000000e0
0.000000000e0
0.000000000e0
0.000000000e0
0.000000000e0
0.000000000e0
0.000000000e0
0.000000000e0
0.000000000e0
0.000000000e0
0.000000000e0
0.000000000e0
0.000000000e0
0.000000000e0
0.000000000e0
0.000000000e0
0.000000000e0
0.000000000e0
0.000000000e0
0.000000000e0
0.000000000e0
0.000000000e0
0.000000000e0
0.000000000e0
0.000000000e0
0.000000000e0
0.000000000e0
0.000000000e0
0.000000000e0
0.000000000e0
0.000000000e0
0.000000000e0
0.000000000e0
0.000000000e0
0.000000000e0
0.000000000e0
0.000000000e0
0.000000000e0
0.000000000e0
0.000000000e0
0.000000000e0
0.000000000e0
0.000000000e0
0.000000000e0
0.000000000e0
0.000000000e0
0.000000000e0
0.000000000e0
0.000000000e0
0.000000000e0
0.000000000e0
0.000000000e0
0.000000000e0
0.000000000e0
0.000000000e0
0.000000000e0
0.000000000e0
0.000000000e0
0.000000000e0
0.000000000e0
0.000000000e0
0.000000000e0
0.000000000e0
0.000000000e0
0.000000000e0
0.000000000e0
0.000000000e0
0.000000000e0
0.000000000e0
0.000000000e0
0.000000000e0
0.000000000e0
0.000000000e0
0.000000000e0
0.000000000e0
0.000000000e0
0.000000000e0
0.000000000e0
0.000000000e0
0.000000000e0
0.000000000e0
0.000000000e0
0.000000000e0
0.000000000e0
0.000000000e0
0.000000000e0
0.000000000e0
0.000000000e0
0.000000000e0
0.000000000e0
0.000000000e0
0.000000000e0
0.000000000e0
0.000000000e0
0.000000000e0
0.000000000e0
0.000000000e0
0.000000000e0
0.000000000e0
0.000000000e0
0.000000000e0
0.000000000e0
0.000000000e0
0.000000000e0
0.000000000e0
0.000000000e0
0.000000000e0
0.000000000e0
0.000000000e0
0.000000000e0
0.000000000e0
0.000000000e0
0.000000000e0
0.000000000e0
0.000000000e0
0.000000000e0
0.000000000e0
0.000000000e0
0.000000000e0
0.000000000e0
0.000000000e0
0.000000000e0
0.000000000e0
0.000000000e0
0.000000000e0
0.000000000e0
0.000000000e0
0.000000000e0
0.000000000e0
0.000000000e0
0.000000000e0
0.000000000e0
0.000000000e0
0.000000000e0
0.000000000e0
0.000000000e0
0.000000000e0
0.000000000e0
0.000000000e0
0.000000000e0
0.000000000e0
0.000000000e0
0.000000000e0
0.000000000e0
0.000000000e0
0.000000000e0
0.000000000e0
0.000000000e0
0.000000000e0
0.000000000e0
0.000000000e0
0.000000000e0
0.000000000e0
0.000000000e0
0.000000000e0
0.000000000e0
0.000000000e0
0.000000000e0
0.000000000e0
0.000000000e0
0.000000000e0
0.000000000e0
0.000000000e0
0.000000000e0
0.000000000e0
0.000000000e0
0.000000000e0
0.000000000e0
0.000000000e0
0.000000000e0
0.000000000e0
0.000000000e0
0.000000000e0
0.000000000e0
0.000000000e0
0.000000000e0
0.000000000e0
0.000000000e0
0.000000000e0
0.000000000e0
0.000000000e0
0.000000000e0
0.000000000e0
0.000000000e0
0.000000000e0
0.000000000e0
0.000000000e0
0.000000000e0
0.000000000e0
0.000000000e0
0.000000000e0
0.000000000e0
0.000000000e0
0.000000000e0
0.000000000e0
0.000000000e0
0.000000000e0
0.000000000e0
0.000000000e0
0.000000000e0
0.000000000e0
0.000000000e0
0.000000000e0
0.000000000e0
0.000000000e0
0.000000000e0
0.000000000e0
0.000000000e0
0.000000000e0
0.000000000e0
0.000000000e0
0.000000000e0
0.000000000e0
0.000000000e0
0.000000000e0
0.000000000e0
0.000000000e0
0.000000000e0
0.000000000e0
0.000000000e0
0.000000000e0
0.000000000e0
0.000000000e0
0.000000000e0
0.000000000e0
0.000000000e0
0.000000000e0
0.000000000e0
0.000000000e0
0.000000000e0
0.000000000e0
0.000000000e0
0.000000000e0
0.000000000e0
0.000000000e0
0.000000000e0
0.000000000e0
0.000000000e0
0.000000000e0
0.000000000e0
0.000000000e0
0.000000000e0
0.000000000e0
0.000000000e0
0.000000000e0
0.000000000e0
0.000000000e0
0.000000000e0
0.000000000e0
0.000000000e0
0.000000000e0
0.000000000e0
0.000000000e0
0.000000000e0
0.000000000e0
0.000000000e0
0.000000000e0
0.000000000e0
0.000000000e0
0.000000000e0
0.000000000e0
0.000000000e0
0.000000000e0
0.000000000e0
0.000000000e0
0.000000000e0
0.000000000e0
0.000000000e0
0.000000000e0
0.000000000e0
0.000000000e0
0.000000000e0
0.000000000e0
0.000000000e0
0.000000000e0
0.000000000e0
0.000000000e0
0.000000000e0
0.000000000e0
0.000000000e0
0.000000000e0
0.000000000e0
0.000000000e0
0.000000000e0
0.000000000e0
0.000000000e0
0.000000000e0
0.000000000e0
0.000000000e0
0.000000000e0
0.000000000e0
0.000000000e0
0.000000000e0
0.000000000e0
0.000000000e0
0.000000000e0
0.000000000e0
0.000000000e0
0.000000000e0
0.000000000e0
0.000000000e0
0.000000000e0
0.000000000e0
0.000000000e0
0.000000000e0
0.000000000e0
0.000000000e0
0.000000000e0
0.000000000e0
0.000000000e0
0.000000000e0
0.000000000e0
0.000000000e0
0.000000000e0
0.000000000e0
0.000000000e0
0.000000000e0
0.000000000e0
0.000000000e0
0.000000000e0
0.000000000e0
0.000000000e0
0.000000000e0
0.000000000e0
0.000000000e0
0.000000000e0
0.000000000e0
0.000000000e0
0.000000000e0
0.000000000e0
0.000000000e0
0.000000000e0
0.000000000e0
0.000000000e0
0.000000000e0
0.000000000e0
0.000000000e0
0.000000000e0
0.000000000e0
0.000000000e0
0.000000000e0
0.000000000e0
0.000000000e0
0.000000000e0
0.000000000e0
0.000000000e0
0.000000000e0
0.000000000e0
0.000000000e0
0.000000000e0
0.000000000e0
0.000000000e0
0.000000000e0
0.000000000e0
0.000000000e0
0.000000000e0
0.000000000e0
0.000000000e0
0.000000000e0
0.000000000e0
0.000000000e0
0.000000000e0
0.000000000e0
0.000000000e0
0.000000000e0
0.000000000e0
0.000000000e0
0.000000000e0
0.000000000e0
0.000000000e0
0.000000000e0
0.000000000e0
0.000000000e0
0.000000000e0
0.000000000e0
0.000000000e0
0.000000000e0
0.000000000e0
0.000000000e0
0.000000000e0
0.000000000e0
0.000000000e0
0.000000000e0
0.000000000e0
0.000000000e0
0.000000000e0
0.000000000e0
0.000000000e0
0.000000000e0
0.000000000e0
0.000000000e0
0.000000000e0
0.000000000e0
0.000000000e0
0.000000000e0
0.000000000e0
0.000000000e0
0.000000000e0
0.000000000e0
0.000000000e0
0.000000000e0
0.000000000e0
0.000000000e0
0.000000000e0
0.000000000e0
0.000000000e0
0.000000000e0
0.000000000e0
0.000000000e0
0.000000000e0
0.000000000e0
0.000000000e0
0.000000000e0
0.000000000e0
0.000000000e0
0.000000000e0
0.000000000e0
0.000000000e0
0.000000000e0
0.000000000e0
0.000000000e0
0.000000000e0
0.000000000e0
0.000000000e0
0.000000000e0
0.000000000e0
0.000000000e0
0.000000000e0
0.000000000e0
0.000000000e0
0.000000000e0
0.000000000e0
0.000000000e0
0.000000000e0
0.000000000e0
0.000000000e0
0.000000000e0
0.000000000e0
0.000000000e0
0.000000000e0
0.000000000e0
0.000000000e0
0.000000000e0
0.000000000e0
0.000000000e0
0.000000000e0
0.000000000e0
0.000000000e0
0.000000000e0
0.000000000e0
0.000000000e0
0.000000000e0
0.000000000e0
0.000000000e0
0.000000000e0
0.000000000e0
0.000000000e0
0.000000000e0
0.000000000e0
0.000000000e0
0.000000000e0
0.000000000e0
0.000000000e0
0.000000000e0
0.000000000e0
0.000000000e0
0.000000000e0
0.000000000e0
0.000000000e0
0.000000000e0
0.000000000e0
0.000000000e0
0.000000000e0
0.000000000e0
0.000000000e0
0.000000000e0
0.000000000e0
0.000000000e0
0.000000000e0
0.000000000e0
0.000000000e0
0.000000000e0
0.000000000e0
0.000000000e0
0.000000000e0
0.000000000e0
0.000000000e0
0.000000000e0
0.000000000e0
0.000000000e0
0.000000000e0
0.000000000e0
0.000000000e0
0.000000000e0
0.000000000e0
0.000000000e0
0.000000000e0
0.000000000e0
0.000000000e0
0.000000000e0
0.000000000e0
0.000000000e0
0.000000000e0
0.000000000e0
0.000000000e0
0.000000000e0
0.000000000e0
0.000000000e0
0.000000000e0
0.000000000e0
0.000000000e0
0.000000000e0
0.000000000e0
0.000000000e0
0.000000000e0
0.000000000e0
0.000000000e0
0.000000000e0
0.000000000e0
0.000000000e0
0.000000000e0
0.000000000e0
0.000000000e0
0.000000000e0
0.000000000e0
0.000000000e0
0.000000000e0
0.000000000e0
0.000000000e0
0.000000000e0
0.000000000e0
0.000000000e0
0.000000000e0
0.000000000e0
0.000000000e0
0.000000000e0
0.000000000e0
0.000000000e0
0.000000000e0
0.000000000e0
0.000000000e0
0.000000000e0
0.000000000e0
0.000000000e0
0.000000000e0
0.000000000e0
0.000000000e0
0.000000000e0
0.000000000e0
0.000000000e0
0.000000000e0
0.000000000e0
0.000000000e0
0.000000000e0
0.000000000e0
0.000000000e0
0.000000000e0
0.000000000e0
0.000000000e0
0.000000000e0
0.000000000e0
0.000000000e0
0.000000000e0
0.000000000e0
0.000000000e0
0.000000000e0
0.000000000e0
0.000000000e0
0.000000000e0
0.000000000e0
0.000000000e0
0.000000000e0
0.000000000e0
0.000000000e0
0.000000000e0
0.000000000e0
0.000000000e0
0.000000000e0
0.000000000e0
0.000000000e0
0.000000000e0
0.000000000e0
0.000000000e0
0.000000000e0
0.000000000e0
0.000000000e0
0.000000000e0
0.000000000e0
0.000000000e0
0.000000000e0
0.000000000e0
0.000000000e0
0.000000000e0
0.000000000e0
0.000000000e0
0.000000000e0
0.000000000e0
0.000000000e0
0.000000000e0
0.000000000e0
0.000000000e0
0.000000000e0
frame streak 32 24
0.000000000e0
0.000000000e0
0.000000000e0
0.000000000e0
0.000000000e0
0.000000000e0
0.000000000e0
0.000000000e0
0.000000000e0
0.000000000e0
0.000000000e0
0.000000000e0
0.000000000e0
0.000000000e0
0.000000000e0
0.000000000e0
0.000000000e0
0.000000000e0
0.000000000e0
0.000000000e0
0.000000000e0
0.000000000e0
0.000000000e0
0.000000000e0
0.000000000e0
0.000000000e0
0.000000000e0
0.000000000e0
0.000000000e0
0.000000000e0
0.000000000e0
0.000000000e0
0.000000000e0
0.000000000e0
0.000000000e0
0.000000000e0
0.000000000e0
0.000000000e0
0.000000000e0
0.000000000e0
0.000000000e0
0.000000000e0
0.000000000e0
0.000000000e0
0.000000000e0
0.000000000e0
0.000000000e0
0.000000000e0
0.000000000e0
0.000000000e0
0.000000000e0
0.000000000e0
0.000000000e0
0.000000000e0
0.000000000e0
0.000000000e0
0.000000000e0
0.000000000e0
0.000000000e0
0.000000000e0
0.000000000e0
0.000000000e0
0.000000000e0
0.000000000e0
0.000000000e0
0.000000000e0
0.000000000e0
0.000000000e0
0.000000000e0
0.000000000e0
0.000000000e0
0.000000000e0
0.000000000e0
0.000000000e0
0.000000000e0
0.000000000e0
0.000000000e0
0.000000000e0
0.000000000e0
0.000000000e0
0.000000000e0
0.000000000e0
0.000000000e0
0.000000000e0
0.000000000e0
0.000000000e0
0.000000000e0
0.000000000e0
0.000000000e0
0.000000000e0
0.000000000e0
0.000000000e0
0.000000000e0
0.000000000e0
0.000000000e0
0.000000000e0
0.000000000e0
0.000000000e0
0.000000000e0
0.000000000e0
0.000000000e0
0.000000000e0
0.000000000e0
0.000000000e0
0.000000000e0
0.000000000e0
0.000000000e0
0.000000000e0
0.000000000e0
0.000000000e0
0.000000000e0
0.000000000e0
0.000000000e0
0.000000000e0
0.000000000e0
0.000000000e0
0.000000000e0
0.000000000e0
0.000000000e0
0.000000000e0
0.000000000e0
0.000000000e0
0.000000000e0
0.000000000e0
0.000000000e0
0.000000000e0
0.000000000e0
0.000000000e0
0.000000000e0
0.000000000e0
0.000000000e0
0.000000000e0
0.000000000e0
0.000000000e0
0.000000000e0
0.000000000e0
0.000000000e0
0.000000000e0
0.000000000e0
0.000000000e0
0.000000000e0
0.000000000e0
0.000000000e0
0.000000000e0
0.000000000e0
0.000000000e0
0.000000000e0
0.000000000e0
0.000000000e0
0.000000000e0
0.000000000e0
0.000000000e0
0.000000000e0
0.000000000e0
0.000000000e0
0.000000000e0
0.000000000e0
0.000000000e0
0.000000000e0
0.000000000e0
0.000000000e0
0.000000000e0
0.000000000e0
0.000000000e0
0.000000000e0
0.000000000e0
0.000000000e0
0.000000000e0
0.000000000e0
0.000000000e0
0.000000000e0
0.000000000e0
0.000000000e0
0.000000000e0
0.000000000e0
0.000000000e0
0.000000000e0
0.000000000e0
0.000000000e0
0.000000000e0
0.000000000e0
0.000000000e0
0.000000000e0
0.000000000e0
0.000000000e0
0.000000000e0
0.000000000e0
0.000000000e0
0.000000000e0
0.000000000e0
0.000000000e0
0.000000000e0
0.000000000e0
0.000000000e0
0.000000000e0
0.000000000e0
0.000000000e0
0.000000000e0
0.000000000e0
0.000000000e0
0.000000000e0
0.000000000e0
0.000000000e0
0.000000000e0
0.000000000e0
0.000000000e0
0.000000000e0
0.000000000e0
0.000000000e0
0.000000000e0
0.000000000e0
0.000000000e0
0.000000000e0
0.000000000e0
0.000000000e0
0.000000000e0
0.000000000e0
0.000000000e0
0.000000000e0
0.000000000e0
0.000000000e0
0.000000000e0
0.000000000e0
0.000000000e0
0.000000000e0
0.000000000e0
0.000000000e0
0.000000000e0
0.000000000e0
0.000000000e0
0.000000000e0
0.000000000e0
0.000000000e0
0.000000000e0
0.000000000e0
0.000000000e0
0.000000000e0
0.000000000e0
0.000000000e0
0.000000000e0
0.000000000e0
0.000000000e0
0.000000000e0
0.000000000e0
0.000000000e0
0.000000000e0
0.000000000e0
0.000000000e0
0.000000000e0
0.000000000e0
0.000000000e0
0.000000000e0
0.000000000e0
0.000000000e0
0.000000000e0
0.000000000e0
0.000000000e0
0.000000000e0
0.000000000e0
0.000000000e0
0.000000000e0
0.000000000e0
0.000000000e0
0.000000000e0
0.000000000e0
0.000000000e0
0.000000000e0
0.000000000e0
0.000000000e0
0.000000000e0
0.000000000e0
0.000000000e0
0.000000000e0
0.000000000e0
0.000000000e0
0.000000000e0
0.000000000e0
0.000000000e0
0.000000000e0
0.000000000e0
0.000000000e0
0.000000000e0
0.000000000e0
0.000000000e0
0.000000000e0
0.000000000e0
0.000000000e0
0.000000000e0
0.000000000e0
0.000000000e0
0.000000000e0
0.000000000e0
0.000000000e0
0.000000000e0
0.000000000e0
0.000000000e0
0.000000000e0
0.000000000e0
0.000000000e0
0.000000000e0
0.000000000e0
0.000000000e0
0.000000000e0
0.000000000e0
0.000000000e0
0.000000000e0
0.000000000e0
0.000000000e0
0.000000000e0
0.000000000e0
0.000000000e0
0.000000000e0
0.000000000e0
0.000000000e0
0.000000000e0
0.000000000e0
0.000000000e0
0.000000000e0
0.000000000e0
0.000000000e0
0.000000000e0
0.000000000e0
0.000000000e0
0.000000000e0
0.000000000e0
0.000000000e0
0.000000000e0
0.000000000e0
0.000000000e0
0.000000000e0
0.000000000e0
0.000000000e0
0.000000000e0
0.000000000e0
0.000000000e0
0.000000000e0
0.000000000e0
0.000000000e0
0.000000000e0
0.000000000e0
0.000000000e0
0.000000000e0
0.000000000e0
0.000000000e0
0.000000000e0
0.000000000e0
0.000000000e0
0.000000000e0
0.000000000e0
0.000000000e0
0.000000000e0
0.000000000e0
0.000000000e0
0.000000000e0
0.000000000e0
0.000000000e0
0.000000000e0
0.000000000e0
0.000000000e0
0.000000000e0
0.000000000e0
0.000000000e0
0.000000000e0
0.000000000e0
0.000000000e0
0.000000000e0
0.000000000e0
0.000000000e0
0.000000000e0
0.000000000e0
0.000000000e0
0.000000000e0
0.000000000e0
0.000000000e0
0.000000000e0
0.000000000e0
0.000000000e0
0.000000000e0
0.000000000e0
0.000000000e0
0.000000000e0
0.000000000e0
0.000000000e0
0.000000000e0
0.000000000e0
0.000000000e0
0.000000000e0
0.000000000e0
0.000000000e0
0.000000000e0
0.000000000e0
0.000000000e0
0.000000000e0
0.000000000e0
0.000000000e0
0.000000000e0
0.000000000e0
0.000000000e0
0.000000000e0
0.000000000e0
0.000000000e0
0.000000000e0
0.000000000e0
0.000000000e0
0.000000000e0
0.000000000e0
0.000000000e0
0.000000000e0
0.000000000e0
0.000000000e0
0.000000000e0
0.000000000e0
0.000000000e0
0.000000000e0
0.000000000e0
0.000000000e0
0.000000000e0
0.000000000e0
0.000000000e0
0.000000000e0
0.000000000e0
0.000000000e0
0.000000000e0
0.000000000e0
0.000000000e0
0.000000000e0
0.000000000e0
0.000000000e0
0.000000000e0
0.000000000e0
0.000000000e0
0.000000000e0
3.262905777e-2
2.358806692e-2
1.730010845e-2
4.160764068e-2
5.197717249e-2
3.757512942e-2
2.755858563e-2
6.627980620e-2
0.000000000e0
0.000000000e0
0.000000000e0
0.000000000e0
0.000000000e0
0.000000000e0
0.000000000e0
0.000000000e0
0.000000000e0
0.000000000e0
0.000000000e0
0.000000000e0
0.000000000e0
0.000000000e0
0.000000000e0
0.000000000e0
0.000000000e0
0.000000000e0
0.000000000e0
0.000000000e0
0.000000000e0
0.000000000e0
0.000000000e0
0.000000000e0
0.000000000e0
0.000000000e0
0.000000000e0
0.000000000e0
0.000000000e0
0.000000000e0
0.000000000e0
0.000000000e0
0.000000000e0
0.000000000e0
0.000000000e0
0.000000000e0
0.000000000e0
0.000000000e0
0.000000000e0
0.000000000e0
0.000000000e0
0.000000000e0
0.000000000e0
0.000000000e0
0.000000000e0
0.000000000e0
0.000000000e0
0.000000000e0
0.000000000e0
0.000000000e0
0.000000000e0
0.000000000e0
0.000000000e0
0.000000000e0
0.000000000e0
0.000000000e0
0.000000000e0
0.000000000e0
0.000000000e0
0.000000000e0
0.000000000e0
0.000000000e0
0.000000000e0
0.000000000e0
0.000000000e0
0.000000000e0
0.000000000e0
0.000000000e0
0.000000000e0
0.000000000e0
0.000000000e0
0.000000000e0
0.000000000e0
0.000000000e0
0.000000000e0
0.000000000e0
0.000000000e0
0.000000000e0
0.000000000e0
0.000000000e0
0.000000000e0
0.000000000e0
0.000000000e0
0.000000000e0
0.000000000e0
0.000000000e0
0.000000000e0
0.000000000e0
0.000000000e0
0.000000000e0
0.000000000e0
0.000000000e0
0.000000000e0
0.000000000e0
0.000000000e0
0.000000000e0
0.000000000e0
0.000000000e0
0.000000000e0
0.000000000e0
0.000000000e0
0.000000000e0
0.000000000e0
0.000000000e0
0.000000000e0
0.000000000e0
0.000000000e0
0.000000000e0
0.000000000e0
0.000000000e0
0.000000000e0
0.000000000e0
0.000000000e0
0.000000000e0
0.000000000e0
0.000000000e0
0.000000000e0
0.000000000e0
0.000000000e0
0.000000000e0
9.514051490e-3
6.877860054e-3
5.044403020e-3
1.213204674e-2
0.000000000e0
0.000000000e0
0.000000000e0
0.000000000e0
1.385316573e-4
1.275885879e-4
1.694967941e-4
2.566903713e-4
1.003408615e-4
9.241461521e-5
1.227694447e-4
1.859252516e-4
0.000000000e0
0.000000000e0
0.000000000e0
0.000000000e0
0.000000000e0
0.000000000e0
0.000000000e0
0.000000000e0
0.000000000e0
0.000000000e0
0.000000000e0
0.000000000e0
0.000000000e0
0.000000000e0
0.000000000e0
0.000000000e0
0.000000000e0
0.000000000e0
0.000000000e0
0.000000000e0
0.000000000e0
0.000000000e0
0.000000000e0
0.000000000e0
0.000000000e0
0.000000000e0
0.000000000e0
0.000000000e0
0.000000000e0
0.000000000e0
0.000000000e0
0.000000000e0
0.000000000e0
0.000000000e0
0.000000000e0
0.000000000e0
0.000000000e0
0.000000000e0
0.000000000e0
0.000000000e0
0.000000000e0
0.000000000e0
0.000000000e0
0.000000000e0
0.000000000e0
0.000000000e0
0.000000000e0
0.000000000e0
0.000000000e0
0.000000000e0
0.000000000e0
0.000000000e0
0.000000000e0
0.000000000e0
0.000000000e0
0.000000000e0
0.000000000e0
0.000000000e0
0.000000000e0
0.000000000e0
0.000000000e0
0.000000000e0
0.000000000e0
0.000000000e0
0.000000000e0
0.000000000e0
0.000000000e0
0.000000000e0
0.000000000e0
0.000000000e0
0.000000000e0
0.000000000e0
0.000000000e0
0.000000000e0
0.000000000e0
0.000000000e0
0.000000000e0
0.000000000e0
0.000000000e0
0.000000000e0
0.000000000e0
0.000000000e0
0.000000000e0
0.000000000e0
0.000000000e0
0.000000000e0
0.000000000e0
0.000000000e0
0.000000000e0
0.000000000e0
0.000000000e0
0.000000000e0
0.000000000e0
0.000000000e0
0.000000000e0
0.000000000e0
0.000000000e0
0.000000000e0
0.000000000e0
0.000000000e0
0.000000000e0
0.000000000e0
0.000000000e0
0.000000000e0
0.000000000e0
0.000000000e0
0.000000000e0
0.000000000e0
0.000000000e0
0.000000000e0
0.000000000e0
0.000000000e0
0.000000000e0
0.000000000e0
0.000000000e0
0.000000000e0
1.471914293e-4
1.355643035e-4
1.800922328e-4
2.727363899e-4
2.777954340e-1
2.558514774e-1
3.398893476e-1
5.147373080e-1
2.777954340e-1
2.558514774e-1
3.398893476e-1
5.147373080e-1
1.955156622e-4
1.800712489e-4
2.392180759e-4
3.622781078e-4
0.000000000e0
0.000000000e0
0.000000000e0
0.000000000e0
0.000000000e0
0.000000000e0
0.000000000e0
0.000000000e0
0.000000000e0
0.000000000e0
0.000000000e0
0.000000000e0
0.000000000e0
0.000000000e0
0.000000000e0
0.000000000e0
0.000000000e0
0.000000000e0
0.000000000e0
0.000000000e0
0.000000000e0
0.000000000e0
0.000000000e0
0.000000000e0
0.000000000e0
0.000000000e0
0.000000000e0
0.000000000e0
0.000000000e0
0.000000000e0
0.000000000e0
0.000000000e0
0.000000000e0
0.000000000e0
0.000000000e0
0.000000000e0
0.000000000e0
0.000000000e0
0.000000000e0
0.000000000e0
0.000000000e0
0.000000000e0
0.000000000e0
0.000000000e0
0.000000000e0
0.000000000e0
0.000000000e0
0.000000000e0
0.000000000e0
0.000000000e0
0.000000000e0
0.000000000e0
0.000000000e0
0.000000000e0
0.000000000e0
0.000000000e0
0.000000000e0
0.000000000e0
0.000000000e0
0.000000000e0
0.000000000e0
0.000000000e0
0.000000000e0
0.000000000e0
0.000000000e0
0.000000000e0
0.000000000e0
0.000000000e0
0.000000000e0
0.000000000e0
0.000000000e0
0.000000000e0
0.000000000e0
0.000000000e0
0.000000000e0
0.000000000e0
0.000000000e0
0.000000000e0
0.000000000e0
0.000000000e0
0.000000000e0
0.000000000e0
0.000000000e0
0.000000000e0
0.000000000e0
0.000000000e0
0.000000000e0
0.000000000e0
0.000000000e0
0.000000000e0
0.000000000e0
0.000000000e0
0.000000000e0
0.000000000e0
0.000000000e0
0.000000000e0
0.000000000e0
0.000000000e0
0.000000000e0
0.000000000e0
0.000000000e0
0.000000000e0
0.000000000e0
0.000000000e0
0.000000000e0
0.000000000e0
0.000000000e0
0.000000000e0
0.000000000e0
0.000000000e0
0.000000000e0
0.000000000e0
3.629077401e-5
3.342404671e-5
4.440262637e-5
6.724450213e-5
8.083248138e-2
7.444725931e-2
9.890046716e-2
1.497774571e-1
1.337021589e-1
1.231405884e-1
1.635877788e-1
2.477416098e-1
1.114180996e-4
1.026168247e-4
1.363227057e-4
2.064506552e-4
1.381383557e-2
1.085068006e-2
1.034971047e-2
2.013628744e-2
9.560430795e-2
7.689661533e-2
7.792953402e-2
1.446115375e-1
1.860830039e-1
1.496705860e-1
1.516810507e-1
2.814700305e-1
0.000000000e0
0.000000000e0
0.000000000e0
0.000000000e0
0.000000000e0
0.000000000e0
0.000000000e0
0.000000000e0
0.000000000e0
0.000000000e0
0.000000000e0
0.000000000e0
0.000000000e0
0.000000000e0
0.000000000e0
0.000000000e0
0.000000000e0
0.000000000e0
0.000000000e0
0.000000000e0
0.000000000e0
0.000000000e0
0.000000000e0
0.000000000e0
0.000000000e0
0.000000000e0
0.000000000e0
0.000000000e0
0.000000000e0
0.000000000e0
0.000000000e0
0.000000000e0
0.000000000e0
0.000000000e0
0.000000000e0
0.000000000e0
0.000000000e0
0.000000000e0
0.000000000e0
0.000000000e0
0.000000000e0
0.000000000e0
0.000000000e0
0.000000000e0
0.000000000e0
0.000000000e0
0.000000000e0
0.000000000e0
0.000000000e0
0.000000000e0
0.000000000e0
0.000000000e0
0.000000000e0
0.000000000e0
0.000000000e0
0.000000000e0
0.000000000e0
0.000000000e0
0.000000000e0
0.000000000e0
0.000000000e0
0.000000000e0
0.000000000e0
0.000000000e0
0.000000000e0
0.000000000e0
0.000000000e0
0.000000000e0
0.000000000e0
0.000000000e0
0.000000000e0
0.000000000e0
0.000000000e0
0.000000000e0
0.000000000e0
0.000000000e0
0.000000000e0
0.000000000e0
0.000000000e0
0.000000000e0
0.000000000e0
0.000000000e0
0.000000000e0
0.000000000e0
0.000000000e0
0.000000000e0
0.000000000e0
0.000000000e0
0.000000000e0
0.000000000e0
0.000000000e0
0.000000000e0
2.464240044e-2
1.996349171e-2
2.058741637e-2
3.769151494e-2
1.492687017e-1
1.209267154e-1
1.247060820e-1
2.283123285e-1
2.008997500e-1
1.694494784e-1
1.912736893e-1
3.268111944e-1
1.273189932e-1
1.272422969e-1
1.907100528e-1
2.650241852e-1
0.000000000e0
0.000000000e0
0.000000000e0
0.000000000e0
0.000000000e0
0.000000000e0
0.000000000e0
0.000000000e0
1.191136837e-1
9.356305003e-2
8.924329281e-2
1.736308038e-1
1.309140027e-1
1.046649367e-1
1.044992656e-1
1.961777210e-1
1.308342442e-2
1.052328199e-2
1.066463627e-2
1.979004964e-2
0.000000000e0
0.000000000e0
0.000000000e0
0.000000000e0
0.000000000e0
0.000000000e0
0.000000000e0
0.000000000e0
0.000000000e0
0.000000000e0
0.000000000e0
0.000000000e0
0.000000000e0
0.000000000e0
0.000000000e0
0.000000000e0
0.000000000e0
0.000000000e0
0.000000000e0
0.000000000e0
0.000000000e0
0.000000000e0
0.000000000e0
0.000000000e0
0.000000000e0
0.000000000e0
0.000000000e0
0.000000000e0
0.000000000e0
0.000000000e0
0.000000000e0
0.000000000e0
0.000000000e0
0.000000000e0
0.000000000e0
0.000000000e0
0.000000000e0
0.000000000e0
0.000000000e0
0.000000000e0
0.000000000e0
0.000000000e0
0.000000000e0
0.000000000e0
0.000000000e0
0.000000000e0
0.000000000e0
0.000000000e0
0.000000000e0
0.000000000e0
0.000000000e0
0.000000000e0
0.000000000e0
0.000000000e0
0.000000000e0
0.000000000e0
0.000000000e0
0.000000000e0
0.000000000e0
0.000000000e0
0.000000000e0
0.000000000e0
0.000000000e0
0.000000000e0
0.000000000e0
0.000000000e0
0.000000000e0
0.000000000e0
0.000000000e0
0.000000000e0
0.000000000e0
0.000000000e0
0.000000000e0
0.000000000e0
0.000000000e0
0.000000000e0
0.000000000e0
0.000000000e0
0.000000000e0
0.000000000e0
0.000000000e0
0.000000000e0
0.000000000e0
0.000000000e0
0.000000000e0
0.000000000e0
0.000000000e0
0.000000000e0
0.000000000e0
0.000000000e0
0.000000000e0
0.000000000e0
2.999052964e-2
2.429615892e-2
2.505549416e-2
4.587168619e-2
2.380143404e-1
2.051612139e-1
2.420355231e-1
4.000415504e-1
3.403964341e-1
3.224561214e-1
4.478036165e-1
6.568333507e-1
3.129698634e-1
3.321430087e-1
5.365607738e-1
7.079421878e-1
5.533492565e-2
5.659800395e-2
8.742316812e-2
1.189650819e-1
0.000000000e0
0.000000000e0
0.000000000e0
0.000000000e0
1.667080633e-2
1.309481356e-2
1.249023248e-2
2.430086583e-2
0.000000000e0
0.000000000e0
0.000000000e0
0.000000000e0
0.000000000e0
0.000000000e0
0.000000000e0
0.000000000e0
0.000000000e0
0.000000000e0
0.000000000e0
0.000000000e0
0.000000000e0
0.000000000e0
0.000000000e0
0.000000000e0
0.000000000e0
0.000000000e0
0.000000000e0
0.000000000e0
0.000000000e0
0.000000000e0
0.000000000e0
0.000000000e0
0.000000000e0
0.000000000e0
0.000000000e0
0.000000000e0
0.000000000e0
0.000000000e0
0.000000000e0
0.000000000e0
0.000000000e0
0.000000000e0
0.000000000e0
0.000000000e0
0.000000000e0
0.000000000e0
0.000000000e0
0.000000000e0
0.000000000e0
0.000000000e0
0.000000000e0
0.000000000e0
0.000000000e0
0.000000000e0
0.000000000e0
0.000000000e0
0.000000000e0
0.000000000e0
0.000000000e0
0.000000000e0
0.000000000e0
0.000000000e0
0.000000000e0
0.000000000e0
0.000000000e0
0.000000000e0
0.000000000e0
0.000000000e0
0.000000000e0
0.000000000e0
0.000000000e0
0.000000000e0
0.000000000e0
0.000000000e0
0.000000000e0
0.000000000e0
0.000000000e0
0.000000000e0
0.000000000e0
0.000000000e0
0.000000000e0
0.000000000e0
0.000000000e0
0.000000000e0
0.000000000e0
0.000000000e0
0.000000000e0
0.000000000e0
0.000000000e0
0.000000000e0
0.000000000e0
0.000000000e0
0.000000000e0
0.000000000e0
0.000000000e0
0.000000000e0
0.000000000e0
0.000000000e0
0.000000000e0
0.000000000e0
0.000000000e0
0.000000000e0
0.000000000e0
0.000000000e0
0.000000000e0
0.000000000e0
0.000000000e0
0.000000000e0
0.000000000e0
0.000000000e0
0.000000000e0
0.000000000e0
8.697238751e-3
8.691999130e-3
1.302751992e-2
1.810396463e-2
2.651107311e-1
3.124994040e-1
5.635263324e-1
6.905308962e-1
2.907207310e-1
4.144904315e-1
8.692749739e-1
9.666630626e-1
1.553813219e-1
2.756022513e-1
6.538451910e-1
6.743554473e-1
0.000000000e0
0.000000000e0
0.000000000e0
0.000000000e0
0.000000000e0
0.000000000e0
0.000000000e0
0.000000000e0
0.000000000e0
0.000000000e0
0.000000000e0
0.000000000e0
0.000000000e0
0.000000000e0
0.000000000e0
0.000000000e0
0.000000000e0
0.000000000e0
0.000000000e0
0.000000000e0
0.000000000e0
0.000000000e0
0.000000000e0
0.000000000e0
0.000000000e0
0.000000000e0
0.000000000e0
0.000000000e0
0.000000000e0
0.000000000e0
0.000000000e0
0.000000000e0
0.000000000e0
0.000000000e0
0.000000000e0
0.000000000e0
0.000000000e0
0.000000000e0
0.000000000e0
0.000000000e0
0.000000000e0
0.000000000e0
0.000000000e0
0.000000000e0
0.000000000e0
0.000000000e0
0.000000000e0
0.000000000e0
0.000000000e0
0.000000000e0
0.000000000e0
0.000000000e0
0.000000000e0
0.000000000e0
0.000000000e0
0.000000000e0
0.000000000e0
0.000000000e0
0.000000000e0
0.000000000e0
0.000000000e0
0.000000000e0
0.000000000e0
0.000000000e0
0.000000000e0
0.000000000e0
0.000000000e0
0.000000000e0
0.000000000e0
0.000000000e0
0.000000000e0
0.000000000e0
0.000000000e0
0.000000000e0
0.000000000e0
0.000000000e0
0.000000000e0
0.000000000e0
0.000000000e0
0.000000000e0
0.000000000e0
0.000000000e0
0.000000000e0
0.000000000e0
0.000000000e0
0.000000000e0
0.000000000e0
0.000000000e0
0.000000000e0
0.000000000e0
0.000000000e0
0.000000000e0
0.000000000e0
0.000000000e0
0.000000000e0
0.000000000e0
0.000000000e0
0.000000000e0
0.000000000e0
0.000000000e0
0.000000000e0
0.000000000e0
0.000000000e0
0.000000000e0
0.000000000e0
0.000000000e0
0.000000000e0
0.000000000e0
0.000000000e0
0.000000000e0
0.000000000e0
0.000000000e0
0.000000000e0
0.000000000e0
0.000000000e0
0.000000000e0
2.576355040e-1
3.325703442e-1
6.487250924e-1
7.553005219e-1
3.491303921e-1
4.315415621e-1
8.121345043e-1
9.677208066e-1
7.739914209e-2
1.159645543e-1
2.510776520e-1
2.737306654e-1
0.000000000e0
0.000000000e0
0.000000000e0
0.000000000e0
0.000000000e0
0.000000000e0
0.000000000e0
0.000000000e0
0.000000000e0
0.000000000e0
0.000000000e0
0.000000000e0
0.000000000e0
0.000000000e0
0.000000000e0
0.000000000e0
0.000000000e0
0.000000000e0
0.000000000e0
0.000000000e0
0.000000000e0
0.000000000e0
0.000000000e0
0.000000000e0
0.000000000e0
0.000000000e0
0.000000000e0
0.000000000e0
0.000000000e0
0.000000000e0
0.000000000e0
0.000000000e0
5.065408349e-2
5.389618874e-2
8.732847869e-2
1.149854735e-1
2.891574800e-1
3.076649606e-1
4.985122979e-1
6.563915014e-1
2.413972169e-1
2.568477988e-1
4.161728024e-1
5.479750633e-1
0.000000000e0
0.000000000e0
0.000000000e0
0.000000000e0
0.000000000e0
0.000000000e0
0.000000000e0
0.000000000e0
0.000000000e0
0.000000000e0
0.000000000e0
0.000000000e0
0.000000000e0
0.000000000e0
0.000000000e0
0.000000000e0
0.000000000e0
0.000000000e0
0.000000000e0
0.000000000e0
0.000000000e0
0.000000000e0
0.000000000e0
0.000000000e0
0.000000000e0
0.000000000e0
0.000000000e0
0.000000000e0
0.000000000e0
0.000000000e0
0.000000000e0
0.000000000e0
0.000000000e0
0.000000000e0
0.000000000e0
0.000000000e0
0.000000000e0
0.000000000e0
0.000000000e0
0.000000000e0
0.000000000e0
0.000000000e0
0.000000000e0
0.000000000e0
0.000000000e0
0.000000000e0
0.000000000e0
0.000000000e0
0.000000000e0
0.000000000e0
0.000000000e0
0.000000000e0
0.000000000e0
0.000000000e0
0.000000000e0
0.000000000e0
0.000000000e0
0.000000000e0
0.000000000e0
0.000000000e0
0.000000000e0
0.000000000e0
0.000000000e0
0.000000000e0
0.000000000e0
0.000000000e0
0.000000000e0
0.000000000e0
0.000000000e0
0.000000000e0
0.000000000e0
0.000000000e0
1.821436919e-2
1.468055137e-2
1.495319419e-2
2.763963491e-2
2.728882432e-1
2.428960949e-1
3.043598235e-1
4.810400307e-1
2.652471066e-1
2.326571792e-1
2.838059664e-1
4.575442076e-1
1.160584390e-2
1.017987728e-2
1.241788454e-2
2.001977339e-2
0.000000000e0
0.000000000e0
0.000000000e0
0.000000000e0
0.000000000e0
0.000000000e0
0.000000000e0
0.000000000e0
0.000000000e0
0.000000000e0
0.000000000e0
0.000000000e0
0.000000000e0
0.000000000e0
0.000000000e0
0.000000000e0
0.000000000e0
0.000000000e0
0.000000000e0
0.000000000e0
0.000000000e0
0.000000000e0
0.000000000e0
0.000000000e0
1.700772159e-2
3.311092779e-2
8.187279850e-2
8.240043372e-2
1.357026100e-1
1.669117212e-1
3.127858043e-1
3.737403750e-1
3.239763379e-1
3.532271981e-1
5.883424282e-1
7.602657080e-1
2.320174575e-1
2.525547147e-1
4.199064970e-1
5.432699919e-1
1.736443862e-2
1.902956329e-2
3.187458962e-2
4.103252664e-2
0.000000000e0
0.000000000e0
0.000000000e0
0.000000000e0
0.000000000e0
0.000000000e0
0.000000000e0
0.000000000e0
0.000000000e0
0.000000000e0
0.000000000e0
0.000000000e0
0.000000000e0
0.000000000e0
0.000000000e0
0.000000000e0
0.000000000e0
0.000000000e0
0.000000000e0
0.000000000e0
0.000000000e0
0.000000000e0
0.000000000e0
0.000000000e0
0.000000000e0
0.000000000e0
0.000000000e0
0.000000000e0
0.000000000e0
0.000000000e0
0.000000000e0
0.000000000e0
0.000000000e0
0.000000000e0
0.000000000e0
0.000000000e0
0.000000000e0
0.000000000e0
0.000000000e0
0.000000000e0
0.000000000e0
0.000000000e0
0.000000000e0
0.000000000e0
0.000000000e0
0.000000000e0
0.000000000e0
0.000000000e0
0.000000000e0
0.000000000e0
0.000000000e0
0.000000000e0
0.000000000e0
0.000000000e0
0.000000000e0
0.000000000e0
1.449036598e-2
1.879161410e-2
3.678991646e-2
4.273356870e-2
1.984803751e-2
2.573963255e-2
5.039263517e-2
5.853389204e-2
5.987615441e-4
4.015059094e-4
2.077473910e-4
6.720907986e-4
2.849120796e-1
3.289125860e-1
5.813698173e-1
7.219015956e-1
2.238346785e-1
2.454167902e-1
4.112893045e-1
5.292699933e-1
4.202570021e-2
3.686215729e-2
4.496616125e-2
7.249321043e-2
1.013176143e-1
1.003073454e-1
1.484404653e-1
2.081317306e-1
1.506740004e-1
1.657464504e-1
2.787645459e-1
3.578654528e-1
2.780327760e-2
3.473397717e-2
6.596235186e-2
7.813803107e-2
2.048768997e-1
3.309715092e-1
7.486465573e-1
7.946028709e-1
1.604685336e-1
2.676394582e-1
6.158009768e-1
6.468912363e-1
0.000000000e0
0.000000000e0
0.000000000e0
0.000000000e0
4.125922173e-2
8.032417297e-2
1.986161321e-1
1.998961270e-1
1.577378362e-1
3.070867658e-1
7.593278885e-1
7.642214894e-1
2.756915390e-1
3.954515159e-1
8.326971531e-1
9.236572981e-1
3.148217499e-1
3.676140606e-1
6.570056677e-1
8.098562360e-1
2.882586718e-1
3.159005940e-1
5.291346908e-1
6.811611652e-1
1.328346580e-1
1.455725431e-1
2.438345701e-1
3.138910234e-1
0.000000000e0
0.000000000e0
0.000000000e0
0.000000000e0
0.000000000e0
0.000000000e0
0.000000000e0
0.000000000e0
0.000000000e0
0.000000000e0
0.000000000e0
0.000000000e0
0.000000000e0
0.000000000e0
0.000000000e0
0.000000000e0
0.000000000e0
0.000000000e0
0.000000000e0
0.000000000e0
0.000000000e0
0.000000000e0
0.000000000e0
0.000000000e0
0.000000000e0
0.000000000e0
0.000000000e0
0.000000000e0
0.000000000e0
0.000000000e0
0.000000000e0
0.000000000e0
0.000000000e0
0.000000000e0
0.000000000e0
0.000000000e0
0.000000000e0
0.000000000e0
0.000000000e0
0.000000000e0
0.000000000e0
0.000000000e0
0.000000000e0
0.000000000e0
0.000000000e0
0.000000000e0
0.000000000e0
0.000000000e0
0.000000000e0
0.000000000e0
0.000000000e0
0.000000000e0
0.000000000e0
0.000000000e0
0.000000000e0
0.000000000e0
1.823467761e-1
2.364736944e-1
4.629643559e-1
5.377593040e-1
2.627558708e-1
3.407510221e-1
6.671168208e-1
7.748938799e-1
2.046146430e-3
2.653514501e-3
5.195007659e-3
6.034295075e-3
2.849120796e-1
3.289125860e-1
5.813698173e-1
7.219015956e-1
2.492140383e-1
2.877015173e-1
5.085271597e-1
6.314510107e-1
0.000000000e0
0.000000000e0
0.000000000e0
0.000000000e0
2.686926126e-1
2.948288321e-1
4.945155978e-1
6.360068321e-1
4.063197076e-1
4.253056049e-1
6.759301424e-1
9.018748999e-1
2.050450444e-1
2.541077137e-1
4.792867601e-1
5.702765584e-1
2.353635579e-1
3.867276907e-1
8.828198314e-1
9.318194985e-1
2.329199314e-1
3.859371245e-1
8.849399686e-1
9.315499067e-1
0.000000000e0
0.000000000e0
0.000000000e0
0.000000000e0
8.234295994e-2
1.603067070e-1
3.963875175e-1
3.989420831e-1
2.045152038e-1
3.981537521e-1
9.845076203e-1
9.908523560e-1
2.045152038e-1
3.981537521e-1
9.845076203e-1
9.908523560e-1
2.073362172e-1
3.267703652e-1
7.290237546e-1
7.802999616e-1
1.587224454e-1
1.747222245e-1
2.940829098e-1
3.773378134e-1
7.468698081e-3
8.184892125e-3
1.370972581e-2
1.764868759e-2
0.000000000e0
0.000000000e0
0.000000000e0
0.000000000e0
0.000000000e0
0.000000000e0
0.000000000e0
0.000000000e0
0.000000000e0
0.000000000e0
0.000000000e0
0.000000000e0
0.000000000e0
0.000000000e0
0.000000000e0
0.000000000e0
0.000000000e0
0.000000000e0
0.000000000e0
0.000000000e0
0.000000000e0
0.000000000e0
0.000000000e0
0.000000000e0
0.000000000e0
0.000000000e0
0.000000000e0
0.000000000e0
0.000000000e0
0.000000000e0
0.000000000e0
0.000000000e0
0.000000000e0
0.000000000e0
0.000000000e0
0.000000000e0
0.000000000e0
0.000000000e0
0.000000000e0
0.000000000e0
0.000000000e0
0.000000000e0
0.000000000e0
0.000000000e0
0.000000000e0
0.000000000e0
0.000000000e0
0.000000000e0
0.000000000e0
0.000000000e0
0.000000000e0
0.000000000e0
0.000000000e0
0.000000000e0
0.000000000e0
0.000000000e0
6.748746336e-2
8.753959835e-2
1.714136451e-1
1.990842670e-1
9.154129028e-2
1.213770807e-1
2.417372167e-1
2.777320743e-1
4.932635929e-3
6.787637249e-3
1.389145665e-2
1.568674296e-2
2.966395207e-2
3.424511850e-2
6.052999571e-2
7.516162843e-2
7.312804810e-4
8.442160906e-4
1.492195064e-3
1.852896297e-3
2.950589638e-3
3.686101642e-3
7.000175770e-3
8.292305283e-3
2.319028974e-1
2.897107899e-1
5.501819253e-1
6.517373919e-1
2.842048109e-1
3.502345681e-1
6.574113369e-1
7.846801281e-1
2.322429866e-1
2.901356518e-1
5.509887934e-1
6.526931524e-1
8.636905253e-2
1.431417912e-1
3.282581568e-1
3.455226719e-1
1.452786624e-1
1.818441451e-1
3.458971381e-1
4.093131721e-1
1.452932879e-2
1.041038800e-2
7.377697155e-3
1.825585589e-2
4.171254858e-2
8.120671660e-2
2.007983923e-1
2.020924538e-1
1.856299490e-1
3.613876104e-1
8.935965896e-1
8.993554711e-1
2.045152038e-1
3.981537521e-1
9.845076203e-1
9.908523560e-1
1.538725793e-1
2.995617986e-1
7.407211065e-1
7.454947233e-1
4.669970367e-3
9.091579355e-3
2.248058468e-2
2.262546308e-2
0.000000000e0
0.000000000e0
0.000000000e0
0.000000000e0
0.000000000e0
0.000000000e0
0.000000000e0
0.000000000e0
0.000000000e0
0.000000000e0
0.000000000e0
0.000000000e0
0.000000000e0
0.000000000e0
0.000000000e0
0.000000000e0
0.000000000e0
0.000000000e0
0.000000000e0
0.000000000e0
0.000000000e0
0.000000000e0
0.000000000e0
0.000000000e0
0.000000000e0
0.000000000e0
0.000000000e0
0.000000000e0
0.000000000e0
0.000000000e0
0.000000000e0
0.000000000e0
0.000000000e0
0.000000000e0
0.000000000e0
0.000000000e0
0.000000000e0
0.000000000e0
0.000000000e0
0.000000000e0
0.000000000e0
0.000000000e0
0.000000000e0
0.000000000e0
0.000000000e0
0.000000000e0
0.000000000e0
0.000000000e0
0.000000000e0
0.000000000e0
0.000000000e0
0.000000000e0
0.000000000e0
0.000000000e0
0.000000000e0
0.000000000e0
0.000000000e0
0.000000000e0
0.000000000e0
0.000000000e0
2.285165899e-2
3.144541010e-2
6.435561180e-2
7.267272472e-2
2.630359232e-1
3.619550169e-1
7.407706380e-1
8.365054727e-1
4.810709506e-2
6.619857997e-2
1.354808211e-1
1.529899240e-1
0.000000000e0
0.000000000e0
0.000000000e0
0.000000000e0
2.925140597e-2
2.047359757e-2
1.315478142e-2
3.533849120e-2
2.242721058e-2
2.312489599e-2
3.608270735e-2
4.875826463e-2
2.435836792e-1
2.973059118e-1
5.534033179e-1
6.641558409e-1
3.168845773e-1
3.640136421e-1
6.402786374e-1
7.976359725e-1
2.243179381e-1
2.584607601e-1
4.559767544e-1
5.669122934e-1
0.000000000e0
0.000000000e0
0.000000000e0
0.000000000e0
5.762283504e-2
4.128725082e-2
2.925970219e-2
7.240211219e-2
0.000000000e0
0.000000000e0
0.000000000e0
0.000000000e0
0.000000000e0
0.000000000e0
0.000000000e0
0.000000000e0
7.563316077e-2
1.472439468e-1
3.640874624e-1
3.664338589e-1
1.137681380e-1
2.214857787e-1
5.476639271e-1
5.511933565e-1
5.588076636e-2
1.087896451e-1
2.690021992e-1
2.707358003e-1
0.000000000e0
0.000000000e0
0.000000000e0
0.000000000e0
0.000000000e0
0.000000000e0
0.000000000e0
0.000000000e0
0.000000000e0
0.000000000e0
0.000000000e0
0.000000000e0
0.000000000e0
0.000000000e0
0.000000000e0
0.000000000e0
0.000000000e0
0.000000000e0
0.000000000e0
0.000000000e0
0.000000000e0
0.000000000e0
0.000000000e0
0.000000000e0
0.000000000e0
0.000000000e0
0.000000000e0
0.000000000e0
0.000000000e0
0.000000000e0
0.000000000e0
0.000000000e0
0.000000000e0
0.000000000e0
0.000000000e0
0.000000000e0
0.000000000e0
0.000000000e0
0.000000000e0
0.000000000e0
0.000000000e0
0.000000000e0
0.000000000e0
0.000000000e0
0.000000000e0
0.000000000e0
0.000000000e0
0.000000000e0
0.000000000e0
0.000000000e0
0.000000000e0
0.000000000e0
0.000000000e0
0.000000000e0
0.000000000e0
0.000000000e0
0.000000000e0
0.000000000e0
0.000000000e0
0.000000000e0
0.000000000e0
0.000000000e0
0.000000000e0
0.000000000e0
9.493150748e-3
1.306321099e-2
2.673493139e-2
3.019006923e-2
1.507942528e-1
2.075029612e-1
4.246718585e-1
4.795550704e-1
3.504465334e-3
4.822378512e-3
9.869392961e-3
1.114488207e-2
0.000000000e0
0.000000000e0
0.000000000e0
0.000000000e0
5.235477816e-3
3.664407181e-3
2.354470082e-3
6.324956659e-3
2.370319515e-1
1.992331147e-1
2.232519388e-1
3.835699260e-1
2.811551094e-1
2.559787929e-1
3.336155117e-1
5.123088360e-1
2.496176660e-1
2.447121441e-1
3.572571874e-1
5.057290196e-1
2.064729333e-1
1.764144748e-1
2.045047730e-1
3.424814045e-1
4.016950261e-3
3.061830532e-3
2.682506572e-3
5.582880694e-3
0.000000000e0
0.000000000e0
0.000000000e0
0.000000000e0
0.000000000e0
0.000000000e0
0.000000000e0
0.000000000e0
0.000000000e0
0.000000000e0
0.000000000e0
0.000000000e0
0.000000000e0
0.000000000e0
0.000000000e0
0.000000000e0
0.000000000e0
0.000000000e0
0.000000000e0
0.000000000e0
0.000000000e0
0.000000000e0
0.000000000e0
0.000000000e0
0.000000000e0
0.000000000e0
0.000000000e0
0.000000000e0
1.994162053e-2
1.758957282e-2
2.168025821e-2
3.468490019e-2
2.330752462e-2
2.055848017e-2
2.533962578e-2
4.053929448e-2
0.000000000e0
0.000000000e0
0.000000000e0
0.000000000e0
0.000000000e0
0.000000000e0
0.000000000e0
0.000000000e0
0.000000000e0
0.000000000e0
0.000000000e0
0.000000000e0
0.000000000e0
0.000000000e0
0.000000000e0
0.000000000e0
0.000000000e0
0.000000000e0
0.000000000e0
0.000000000e0
0.000000000e0
0.000000000e0
0.000000000e0
0.000000000e0
0.000000000e0
0.000000000e0
0.000000000e0
0.000000000e0
0.000000000e0
0.000000000e0
0.000000000e0
0.000000000e0
0.000000000e0
0.000000000e0
0.000000000e0
0.000000000e0
0.000000000e0
0.000000000e0
0.000000000e0
0.000000000e0
0.000000000e0
0.000000000e0
0.000000000e0
0.000000000e0
0.000000000e0
0.000000000e0
0.000000000e0
0.000000000e0
0.000000000e0
0.000000000e0
0.000000000e0
0.000000000e0
0.000000000e0
0.000000000e0
0.000000000e0
0.000000000e0
0.000000000e0
0.000000000e0
0.000000000e0
0.000000000e0
0.000000000e0
0.000000000e0
0.000000000e0
0.000000000e0
0.000000000e0
0.000000000e0
0.000000000e0
0.000000000e0
0.000000000e0
0.000000000e0
0.000000000e0
0.000000000e0
3.803694248e-2
3.216795623e-2
3.651394323e-2
6.212573871e-2
3.058544733e-2
2.586620301e-2
2.936080471e-2
4.995521158e-2
0.000000000e0
0.000000000e0
0.000000000e0
0.000000000e0
0.000000000e0
0.000000000e0
0.000000000e0
0.000000000e0
0.000000000e0
0.000000000e0
0.000000000e0
0.000000000e0
0.000000000e0
0.000000000e0
0.000000000e0
0.000000000e0
0.000000000e0
0.000000000e0
0.000000000e0
0.000000000e0
0.000000000e0
0.000000000e0
0.000000000e0
0.000000000e0
0.000000000e0
0.000000000e0
0.000000000e0
0.000000000e0
0.000000000e0
0.000000000e0
0.000000000e0
0.000000000e0
0.000000000e0
0.000000000e0
0.000000000e0
0.000000000e0
0.000000000e0
0.000000000e0
0.000000000e0
0.000000000e0
1.654395461e-1
1.459265053e-1
1.798636317e-1
2.877526581e-1
2.669868767e-1
2.354966700e-1
2.902645171e-1
4.643761814e-1
1.965613514e-1
1.733776033e-1
2.136988342e-1
3.418835104e-1
0.000000000e0
0.000000000e0
0.000000000e0
0.000000000e0
0.000000000e0
0.000000000e0
0.000000000e0
0.000000000e0
0.000000000e0
0.000000000e0
0.000000000e0
0.000000000e0
0.000000000e0
0.000000000e0
0.000000000e0
0.000000000e0
0.000000000e0
0.000000000e0
0.000000000e0
0.000000000e0
0.000000000e0
0.000000000e0
0.000000000e0
0.000000000e0
0.000000000e0
0.000000000e0
0.000000000e0
0.000000000e0
0.000000000e0
0.000000000e0
0.000000000e0
0.000000000e0
0.000000000e0
0.000000000e0
0.000000000e0
0.000000000e0
0.000000000e0
0.000000000e0
0.000000000e0
0.000000000e0
0.000000000e0
0.000000000e0
0.000000000e0
0.000000000e0
0.000000000e0
0.000000000e0
0.000000000e0
0.000000000e0
0.000000000e0
0.000000000e0
0.000000000e0
0.000000000e0
0.000000000e0
0.000000000e0
0.000000000e0
0.000000000e0
0.000000000e0
0.000000000e0
0.000000000e0
0.000000000e0
0.000000000e0
0.000000000e0
0.000000000e0
0.000000000e0
0.000000000e0
0.000000000e0
0.000000000e0
0.000000000e0
0.000000000e0
0.000000000e0
0.000000000e0
0.000000000e0
0.000000000e0
0.000000000e0
0.000000000e0
0.000000000e0
0.000000000e0
0.000000000e0
0.000000000e0
0.000000000e0
0.000000000e0
0.000000000e0
0.000000000e0
0.000000000e0
0.000000000e0
0.000000000e0
0.000000000e0
0.000000000e0
0.000000000e0
0.000000000e0
0.000000000e0
0.000000000e0
0.000000000e0
0.000000000e0
0.000000000e0
0.000000000e0
0.000000000e0
0.000000000e0
0.000000000e0
0.000000000e0
0.000000000e0
0.000000000e0
0.000000000e0
0.000000000e0
0.000000000e0
0.000000000e0
0.000000000e0
0.000000000e0
0.000000000e0
0.000000000e0
0.000000000e0
0.000000000e0
0.000000000e0
0.000000000e0
0.000000000e0
0.000000000e0
4.246176686e-3
3.745354479e-3
4.616385791e-3
7.385469042e-3
4.070548341e-2
3.590440750e-2
4.425444826e-2
7.079994678e-2
4.884244129e-2
4.308164120e-2
5.310084298e-2
8.495274186e-2
0.000000000e0
0.000000000e0
0.000000000e0
0.000000000e0
0.000000000e0
0.000000000e0
0.000000000e0
0.000000000e0
0.000000000e0
0.000000000e0
0.000000000e0
0.000000000e0
0.000000000e0
0.000000000e0
0.000000000e0
0.000000000e0
0.000000000e0
0.000000000e0
0.000000000e0
0.000000000e0
0.000000000e0
0.000000000e0
0.000000000e0
0.000000000e0
0.000000000e0
0.000000000e0
0.000000000e0
0.000000000e0
0.000000000e0
0.000000000e0
0.000000000e0
0.000000000e0
0.000000000e0
0.000000000e0
0.000000000e0
0.000000000e0
0.000000000e0
0.000000000e0
0.000000000e0
0.000000000e0
0.000000000e0
0.000000000e0
0.000000000e0
0.000000000e0
0.000000000e0
0.000000000e0
0.000000000e0
0.000000000e0
0.000000000e0
0.000000000e0
0.000000000e0
0.000000000e0
0.000000000e0
0.000000000e0
0.000000000e0
0.000000000e0
0.000000000e0
0.000000000e0
0.000000000e0
0.000000000e0
0.000000000e0
0.000000000e0
0.000000000e0
0.000000000e0
0.000000000e0
0.000000000e0
0.000000000e0
0.000000000e0
0.000000000e0
0.000000000e0
0.000000000e0
0.000000000e0
0.000000000e0
0.000000000e0
0.000000000e0
0.000000000e0
0.000000000e0
0.000000000e0
0.000000000e0
0.000000000e0
0.000000000e0
0.000000000e0
0.000000000e0
0.000000000e0
0.000000000e0
0.000000000e0
0.000000000e0
0.000000000e0
0.000000000e0
0.000000000e0
0.000000000e0
0.000000000e0
0.000000000e0
0.000000000e0
0.000000000e0
0.000000000e0
0.000000000e0
0.000000000e0
0.000000000e0
0.000000000e0
0.000000000e0
0.000000000e0
0.000000000e0
0.000000000e0
0.000000000e0
0.000000000e0
0.000000000e0
0.000000000e0
0.000000000e0
0.000000000e0
0.000000000e0
0.000000000e0
0.000000000e0
0.000000000e0
0.000000000e0
0.000000000e0
0.000000000e0
0.000000000e0
0.000000000e0
0.000000000e0
0.000000000e0
0.000000000e0
0.000000000e0
0.000000000e0
0.000000000e0
0.000000000e0
0.000000000e0
0.000000000e0
0.000000000e0
0.000000000e0
0.000000000e0
0.000000000e0
0.000000000e0
0.000000000e0
0.000000000e0
0.000000000e0
0.000000000e0
0.000000000e0
0.000000000e0
0.000000000e0
0.000000000e0
0.000000000e0
0.000000000e0
0.000000000e0
0.000000000e0
0.000000000e0
0.000000000e0
0.000000000e0
0.000000000e0
0.000000000e0
0.000000000e0
0.000000000e0
0.000000000e0
0.000000000e0
0.000000000e0
0.000000000e0
0.000000000e0
0.000000000e0
0.000000000e0
0.000000000e0
0.000000000e0
0.000000000e0
0.000000000e0
0.000000000e0
0.000000000e0
0.000000000e0
0.000000000e0
0.000000000e0
0.000000000e0
0.000000000e0
0.000000000e0
0.000000000e0
0.000000000e0
0.000000000e0
0.000000000e0
0.000000000e0
0.000000000e0
0.000000000e0
0.000000000e0
0.000000000e0
0.000000000e0
0.000000000e0
0.000000000e0
0.000000000e0
0.000000000e0
0.000000000e0
0.000000000e0
0.000000000e0
0.000000000e0
0.000000000e0
0.000000000e0
0.000000000e0
0.000000000e0
0.000000000e0
0.000000000e0
0.000000000e0
0.000000000e0
0.000000000e0
0.000000000e0
0.000000000e0
0.000000000e0
0.000000000e0
0.000000000e0
0.000000000e0
0.000000000e0
0.000000000e0
0.000000000e0
0.000000000e0
0.000000000e0
0.000000000e0
0.000000000e0
0.000000000e0
0.000000000e0
0.000000000e0
0.000000000e0
0.000000000e0
0.000000000e0
0.000000000e0
0.000000000e0
0.000000000e0
0.000000000e0
0.000000000e0
0.000000000e0
0.000000000e0
0.000000000e0
0.000000000e0
0.000000000e0
0.000000000e0
0.000000000e0
0.000000000e0
0.000000000e0
0.000000000e0
0.000000000e0
0.000000000e0
0.000000000e0
0.000000000e0
0.000000000e0
0.000000000e0
0.000000000e0
0.000000000e0
0.000000000e0
0.000000000e0
0.000000000e0
0.000000000e0
0.000000000e0
0.000000000e0
0.000000000e0
0.000000000e0
0.000000000e0
0.000000000e0
0.000000000e0
0.000000000e0
0.000000000e0
0.000000000e0
0.000000000e0
0.000000000e0
0.000000000e0
0.000000000e0
0.000000000e0
0.000000000e0
0.000000000e0
0.000000000e0
0.000000000e0
0.000000000e0
0.000000000e0
0.000000000e0
0.000000000e0
0.000000000e0
0.000000000e0
0.000000000e0
0.000000000e0
0.000000000e0
0.000000000e0
0.000000000e0
0.000000000e0
0.000000000e0
0.000000000e0
0.000000000e0
0.000000000e0
0.000000000e0
0.000000000e0
0.000000000e0
0.000000000e0
0.000000000e0
0.000000000e0
0.000000000e0
0.000000000e0
0.000000000e0
0.000000000e0
0.000000000e0
0.000000000e0
0.000000000e0
0.000000000e0
0.000000000e0
0.000000000e0
0.000000000e0
0.000000000e0
0.000000000e0
0.000000000e0
0.000000000e0
0.000000000e0
0.000000000e0
0.000000000e0
0.000000000e0
0.000000000e0
0.000000000e0
0.000000000e0
0.000000000e0
0.000000000e0
0.000000000e0
0.000000000e0
0.000000000e0
0.000000000e0
0.000000000e0
0.000000000e0
0.000000000e0
0.000000000e0
0.000000000e0
0.000000000e0
0.000000000e0
0.000000000e0
0.000000000e0
0.000000000e0
0.000000000e0
0.000000000e0
0.000000000e0
0.000000000e0
0.000000000e0
0.000000000e0
0.000000000e0
0.000000000e0
0.000000000e0
0.000000000e0
0.000000000e0
0.000000000e0
0.000000000e0
0.000000000e0
0.000000000e0
0.000000000e0
0.000000000e0
0.000000000e0
0.000000000e0
0.000000000e0
0.000000000e0
0.000000000e0
0.000000000e0
0.000000000e0
0.000000000e0
0.000000000e0
0.000000000e0
0.000000000e0
0.000000000e0
0.000000000e0
0.000000000e0
0.000000000e0
0.000000000e0
0.000000000e0
0.000000000e0
0.000000000e0
0.000000000e0
0.000000000e0
0.000000000e0
0.000000000e0
0.000000000e0
0.000000000e0
0.000000000e0
0.000000000e0
0.000000000e0
0.000000000e0
0.000000000e0
0.000000000e0
0.000000000e0
0.000000000e0
0.000000000e0
0.000000000e0
0.000000000e0
0.000000000e0
0.000000000e0
0.000000000e0
0.000000000e0
0.000000000e0
0.000000000e0
0.000000000e0
0.000000000e0
0.000000000e0
0.000000000e0
0.000000000e0
0.000000000e0
0.000000000e0
0.000000000e0
0.000000000e0
0.000000000e0
0.000000000e0
0.000000000e0
0.000000000e0
0.000000000e0
0.000000000e0
0.000000000e0
0.000000000e0
0.000000000e0
0.000000000e0
0.000000000e0
0.000000000e0
0.000000000e0
0.000000000e0
0.000000000e0
0.000000000e0
0.000000000e0
0.000000000e0
0.000000000e0
0.000000000e0
0.000000000e0
0.000000000e0
0.000000000e0
0.000000000e0
0.000000000e0
0.000000000e0
0.000000000e0
0.000000000e0
0.000000000e0
0.000000000e0
0.000000000e0
0.000000000e0
0.000000000e0
0.000000000e0
0.000000000e0
0.000000000e0
0.000000000e0
0.000000000e0
0.000000000e0
0.000000000e0
0.000000000e0
0.000000000e0
0.000000000e0
0.000000000e0
0.000000000e0
0.000000000e0
0.000000000e0
0.000000000e0
0.000000000e0
0.000000000e0
0.000000000e0
0.000000000e0
0.000000000e0
0.000000000e0
0.000000000e0
0.000000000e0
0.000000000e0
0.000000000e0
0.000000000e0
0.000000000e0
0.000000000e0
0.000000000e0
0.000000000e0
0.000000000e0
0.000000000e0
0.000000000e0
0.000000000e0
0.000000000e0
0.000000000e0
0.000000000e0
0.000000000e0
0.000000000e0
0.000000000e0
0.000000000e0
0.000000000e0
0.000000000e0
0.000000000e0
0.000000000e0
0.000000000e0
0.000000000e0
0.000000000e0
0.000000000e0
0.000000000e0
0.000000000e0
0.000000000e0
0.000000000e0
0.000000000e0
0.000000000e0
0.000000000e0
0.000000000e0
0.000000000e0
0.000000000e0
0.000000000e0
0.000000000e0
0.000000000e0
0.000000000e0
0.000000000e0
0.000000000e0
0.000000000e0
0.000000000e0
0.000000000e0
0.000000000e0
0.000000000e0
0.000000000e0
0.000000000e0
0.000000000e0
0.000000000e0
0.000000000e0
0.000000000e0
0.000000000e0
0.000000000e0
0.000000000e0
0.000000000e0
0.000000000e0
0.000000000e0
0.000000000e0
0.000000000e0
0.000000000e0
0.000000000e0
0.000000000e0
0.000000000e0
0.000000000e0
0.000000000e0
0.000000000e0
0.000000000e0
0.000000000e0
0.000000000e0
0.000000000e0
0.000000000e0
0.000000000e0
0.000000000e0
0.000000000e0
0.000000000e0
0.000000000e0
0.000000000e0
0.000000000e0
0.000000000e0
0.000000000e0
0.000000000e0
0.000000000e0
0.000000000e0
0.000000000e0
0.000000000e0
0.000000000e0
0.000000000e0
0.000000000e0
0.000000000e0
0.000000000e0
0.000000000e0
0.000000000e0
0.000000000e0
0.000000000e0
0.000000000e0
0.000000000e0
0.000000000e0
0.000000000e0
0.000000000e0
0.000000000e0
0.000000000e0
0.000000000e0
0.000000000e0
0.000000000e0
0.000000000e0
0.000000000e0
0.000000000e0
0.000000000e0
0.000000000e0
0.000000000e0
0.000000000e0
0.000000000e0
0.000000000e0
0.000000000e0
0.000000000e0
0.000000000e0
0.000000000e0
0.000000000e0
0.000000000e0
0.000000000e0
0.000000000e0
0.000000000e0
0.000000000e0
0.000000000e0
0.000000000e0
0.000000000e0
0.000000000e0
0.000000000e0
0.000000000e0
0.000000000e0
0.000000000e0
0.000000000e0
0.000000000e0
0.000000000e0
0.000000000e0
0.000000000e0
0.000000000e0
0.000000000e0
0.000000000e0
0.000000000e0
0.000000000e0
0.000000000e0
0.000000000e0
0.000000000e0
0.000000000e0
0.000000000e0
0.000000000e0
0.000000000e0
0.000000000e0
0.000000000e0
0.000000000e0
0.000000000e0
0.000000000e0
0.000000000e0
0.000000000e0
0.000000000e0
0.000000000e0
0.000000000e0
0.000000000e0
0.000000000e0
0.000000000e0
0.000000000e0
0.000000000e0
0.000000000e0
0.000000000e0
0.000000000e0
0.000000000e0
0.000000000e0
0.000000000e0
0.000000000e0
0.000000000e0
0.000000000e0
0.000000000e0
0.000000000e0
0.000000000e0
0.000000000e0
0.000000000e0
0.000000000e0
0.000000000e0
0.000000000e0
0.000000000e0
0.000000000e0
0.000000000e0
0.000000000e0
0.000000000e0
0.000000000e0
0.000000000e0
0.000000000e0
0.000000000e0
0.000000000e0
0.000000000e0
0.000000000e0
0.000000000e0
0.000000000e0
0.000000000e0
0.000000000e0
0.000000000e0
0.000000000e0
0.000000000e0
